{
    "metadata":{
        "version":3,
        "faces":159,
        "vertices":144,
        "type":"Geometry",
        "uvs":1,
        "normals":134,
        "generator":"io_three"
    },
    "name":"CubeGeometry.1",
    "vertices":[-1.8038,-0.948091,0.235686,-1.8038,-0.418932,0.235686,-1.97258,-0.948091,0.138238,-1.97258,-0.418932,0.138238,-1.97258,-0.948091,-0.056658,-1.97258,-0.418932,-0.056658,-1.8038,-0.948091,-0.154106,-1.8038,-0.418932,-0.154106,-1.63501,-0.948091,-0.056658,-1.63501,-0.418932,-0.056658,-1.63501,-0.948091,0.138238,-1.63501,-0.418932,0.138238,-1.25,1.5,-0.16223,-1.25,1.5,0.166342,-1.5,-1e-06,0.25,-1.5,-1e-06,-0.25,-0.750001,1.75,0.430973,-0.750002,1.5,-0.492298,-1.02707,-1.125,-0.2,-1.02707,-1.125,0.2,-0.812502,2.5,-0.088481,-0.812502,2.5,0.102173,-0.651471,2.5,0.129576,-0.651471,2.5,-0.095822,-0.92068,-1.2008,-0.084,-0.92068,-1.2008,0.084,-0.622408,0.75,0.515995,-0.750001,0.75,-0.486971,-0.608735,1.52318,-0.500292,-0.499663,0.373177,-0.406587,-0.815962,1.52318,-0,-0.668076,0.373177,-0,-0.608734,1.52318,0.500291,-0.499662,0.373177,0.406586,-0.341588,2.27318,-0.284611,-0.459478,2.27318,-1e-06,-0.341588,2.27318,0.28461,-0.275869,2.11963,-0.233252,-0.372484,2.11964,-1e-06,-0.275868,2.11963,0.23325,-1.9898,1.3733,-0.162229,-1.9898,1.3733,0.166342,-2.2398,0.123298,0.250001,-2.2398,0.123297,-0.249999,-1.48193,0.913368,0.43548,-1.61478,0.11621,0.479939,-1.87508,0.846034,0.43548,-2.00794,0.181736,0.479939,-1.448,0.965591,-0.429276,-1.598,0.065591,-0.481938,-1.89187,0.88957,-0.429275,-2.04187,0.13957,-0.481937,-1.26935,1.7717,-0.080088,-1.26935,1.7717,0.084198,-1.63925,1.70835,-0.080087,-1.63925,1.70835,0.084199,-1.58395,-0.436164,0.142673,-1.58395,-0.436164,-0.143188,-2.01226,-0.456382,0.142674,-2.01226,-0.456382,-0.143187,-1.64653,-0.411727,0.275774,-1.90352,-0.423858,0.275774,-1.64662,-0.411311,-0.275792,-1.90361,-0.423443,-0.275791,1.8038,-0.948088,0.235685,1.8038,-0.418929,0.235685,1.97258,-0.948088,0.138237,1.97258,-0.418929,0.138237,1.97258,-0.948087,-0.056659,1.97258,-0.418929,-0.056659,1.8038,-0.948088,-0.154107,1.8038,-0.418929,-0.154107,1.63501,-0.948088,-0.056659,1.63501,-0.418929,-0.056659,1.63501,-0.948088,0.138237,1.63501,-0.418929,0.138237,1.25,1.5,-0.16223,1.25,1.5,0.166341,1.5,1e-06,0.25,-1e-06,0.696111,-0.75,1.5,1e-06,-0.25,-1e-06,0.5,0.75,0.749997,1.75,0.430973,0.749998,1.5,-0.492298,1.02707,-1.125,-0.2,-0,-0.881386,-0.652669,1.02707,-1.125,0.2,0,-0.778445,0.644608,0.812497,2.5,-0.088481,0.812497,2.5,0.102173,0.651466,2.5,0.129576,0.651466,2.5,-0.095822,0.92068,-1.2008,-0.084,1e-06,-2.25,-0.18,0.92068,-1.2008,0.084,1e-06,-2.25,0.18,1e-06,-2.0758,-0.1296,1e-06,-2.0758,0.1296,0.622406,0.750001,0.515995,0.749999,0.750002,-0.486971,-2e-06,1.52318,-0.707519,-1e-06,0.373177,-0.575,0.608731,1.52318,-0.500292,0.499661,0.373178,-0.406587,0.815958,1.52318,-1e-06,0.668074,0.373178,-0,0.608731,1.52318,0.500291,0.499661,0.373178,0.406586,-2e-06,1.52318,0.707518,-1e-06,0.373177,0.575,-3e-06,2.27318,-0.402501,0.341583,2.27318,-0.284611,0.459473,2.27318,-1e-06,0.341583,2.27318,0.28461,-2e-06,2.27318,0.402499,-2e-06,2.11963,-0.329867,0.275864,2.11964,-0.233252,0.372479,2.11964,-1e-06,0.275864,2.11964,0.23325,-2e-06,2.11964,0.329866,1.98979,1.3733,-0.16223,1.98979,1.3733,0.166342,2.23979,0.123301,0.25,2.23979,0.123301,-0.25,1.48192,0.913371,0.435479,1.61478,0.116213,0.479938,1.87508,0.846037,0.435479,2.00794,0.181739,0.479939,1.44799,0.965593,-0.429276,1.598,0.065594,-0.481938,1.89187,0.889573,-0.429276,2.04187,0.139573,-0.481938,1.26935,1.7717,-0.080088,1.26935,1.77171,0.084198,1.63925,1.70835,-0.080088,1.63925,1.70836,0.084198,1.58395,-0.436161,0.142673,1.58395,-0.436161,-0.143188,2.01226,-0.456379,0.142673,2.01226,-0.456379,-0.143188,1.64653,-0.411724,0.275774,1.90352,-0.423855,0.275774,1.64662,-0.411309,-0.275792,1.90361,-0.42344,-0.275792],
    "faces":[41,0,1,3,2,0,1,2,3,0,1,2,3,41,2,3,5,4,3,2,4,5,3,2,4,5,41,4,5,7,6,5,4,6,7,5,4,6,7,41,6,7,9,8,8,9,10,11,7,6,8,9,41,1,0,10,11,1,0,12,13,1,0,10,11,41,8,9,11,10,11,10,13,12,9,8,11,10,40,10,0,2,19,14,15,10,0,3,40,2,4,6,15,16,17,3,5,7,40,6,8,10,17,18,19,7,9,10,40,2,6,10,15,17,19,3,7,10,40,14,81,26,24,20,21,12,13,14,40,26,16,13,21,22,23,14,15,16,40,26,13,14,21,23,24,14,16,12,41,14,15,18,19,25,26,27,28,12,17,18,19,41,12,15,49,48,29,30,31,32,20,17,21,22,41,16,17,23,22,33,34,35,36,15,23,24,25,41,18,93,96,24,37,38,39,40,18,26,27,28,41,81,14,19,87,41,42,43,44,13,12,19,29,41,15,79,85,18,45,46,47,48,17,30,31,18,41,20,21,22,23,49,50,51,52,32,33,25,24,41,13,16,22,21,53,54,55,56,16,15,25,33,41,12,13,21,20,57,58,59,60,20,16,33,32,41,17,12,20,23,61,62,63,64,23,20,32,24,41,19,18,24,25,65,37,66,67,19,18,28,34,41,97,25,24,96,68,69,70,71,35,34,28,27,40,87,19,95,72,73,74,29,19,36,41,95,19,25,97,75,65,76,77,36,19,34,35,40,18,85,93,48,47,78,18,31,26,40,15,12,17,45,62,61,17,20,23,40,27,79,15,79,46,45,37,30,17,40,15,17,27,45,61,79,17,23,37,41,27,17,16,26,80,81,82,83,37,23,15,14,41,26,81,79,27,84,85,86,87,14,13,30,37,41,100,101,29,28,88,89,90,91,38,39,40,41,41,28,29,31,30,91,90,92,93,41,40,42,43,41,30,31,33,32,93,92,94,95,43,42,44,45,41,32,33,109,108,95,94,96,97,45,44,46,47,41,32,108,114,36,98,99,100,101,45,47,48,49,41,36,114,119,39,102,103,104,105,49,48,50,51,41,28,30,35,34,106,107,108,109,41,43,52,53,41,41,40,43,42,110,111,112,113,54,55,56,57,41,100,28,34,110,114,106,109,115,38,41,53,58,41,30,32,36,35,107,98,101,108,43,45,49,52,40,119,115,37,120,116,117,50,59,60,40,37,38,39,117,118,119,60,61,51,40,37,39,119,117,119,120,60,51,50,41,34,35,38,37,121,122,123,124,53,52,61,60,41,35,36,39,38,122,102,105,123,52,49,51,61,41,110,34,37,115,125,121,124,126,58,53,60,59,41,45,47,61,60,127,128,129,130,62,63,64,65,40,46,44,13,136,131,132,66,67,16,40,13,53,55,132,133,134,16,68,69,40,55,41,46,134,135,136,69,54,66,40,13,55,46,132,134,136,16,69,66,41,45,44,46,47,137,138,139,140,62,67,66,63,40,62,57,56,148,141,142,70,71,72,40,56,60,61,142,143,144,72,65,64,40,61,58,59,144,145,146,64,73,74,40,59,63,62,146,147,148,74,75,70,40,62,56,61,148,142,144,70,72,64,40,61,59,62,144,146,148,64,74,70,41,14,13,44,45,149,150,138,137,12,16,67,62,41,41,42,47,46,151,152,140,139,54,57,63,66,41,48,49,51,50,32,31,153,154,22,21,76,77,41,43,51,63,59,155,156,157,158,56,76,75,74,41,43,40,50,51,159,160,154,153,56,55,77,76,41,53,52,54,55,161,162,163,164,68,78,79,69,41,13,12,52,53,165,166,167,168,16,20,78,68,41,40,41,55,54,169,170,171,172,55,54,69,79,40,12,48,50,178,173,174,20,22,77,40,50,40,54,174,175,176,77,55,79,40,54,52,12,176,177,178,79,78,20,40,50,54,12,174,176,178,77,79,20,41,49,15,57,62,179,180,181,182,21,17,71,70,41,15,14,56,57,183,184,185,186,17,12,72,71,41,51,49,62,63,156,179,182,157,76,21,70,75,41,14,45,60,56,187,127,130,188,12,62,65,72,41,47,42,58,61,128,189,190,129,63,57,73,64,41,42,43,59,58,191,192,193,194,57,56,74,73,41,64,66,67,65,0,3,2,1,0,10,11,80,41,66,68,69,67,3,5,4,2,10,9,8,11,41,68,70,71,69,5,7,6,4,9,7,81,8,41,70,72,73,71,8,11,10,9,7,5,4,81,41,74,64,65,75,12,0,1,13,3,0,80,2,41,72,74,75,73,11,12,13,10,5,3,2,4,40,66,64,74,15,14,19,10,0,3,40,74,72,70,19,18,17,3,5,7,40,70,68,66,17,16,15,7,9,10,40,74,70,66,19,17,15,3,7,10,40,98,81,78,21,20,24,82,13,83,40,78,77,82,24,23,22,83,84,85,40,78,82,98,24,22,21,83,85,82,41,78,86,84,80,25,28,27,26,83,86,87,88,41,76,128,129,80,29,32,31,30,89,90,91,88,41,82,90,91,83,33,36,35,34,85,92,93,94,41,84,92,96,93,37,40,39,38,87,95,27,26,41,81,87,86,78,41,44,43,42,13,29,86,83,41,80,84,85,79,45,48,47,46,88,87,31,30,41,79,85,87,81,195,196,197,198,30,31,29,13,41,88,91,90,89,49,52,51,50,96,93,92,97,41,77,89,90,82,53,56,55,54,84,97,92,85,41,76,88,89,77,57,60,59,58,89,96,97,84,41,83,91,88,76,61,64,63,62,94,93,96,89,41,86,94,92,84,65,67,66,37,86,98,95,87,41,97,96,92,94,68,71,70,69,35,27,95,98,40,87,95,86,72,74,73,29,36,86,41,95,97,94,86,75,77,76,65,36,35,98,86,40,84,93,85,48,78,47,87,26,31,40,80,79,99,45,46,79,88,30,99,40,83,76,80,61,62,45,94,89,88,40,80,99,83,45,79,61,88,99,94,41,99,98,82,83,80,83,82,81,99,82,85,94,41,98,99,79,81,84,87,86,85,82,99,30,13,41,100,102,103,101,88,91,90,89,38,100,101,39,41,102,