{
    "name":"Cube.001Geometry",
    "metadata":{
        "generator":"io_three",
        "version":3,
        "uvs":1,
        "normals":61,
        "vertices":77,
        "faces":66,
        "type":"Geometry"
    },
    "normals":[0.945372,-0.15009,0.289285,0.682363,-0.726585,0.08002,0.630696,-0.437147,-0.641163,0.71276,-0.122288,-0.690603,0,-0.099857,-0.994995,0,-0.994812,-0.101566,0,1,0,0,0.445845,0.895108,0.958525,0.233558,0.163213,0,0.695761,-0.718223,-0.836024,0.015748,-0.548448,-0.572131,-0.07065,0.817103,-0.410718,0.693869,0.591449,-0.629658,0.647175,-0.42967,0.568896,-0.077242,0.818751,0.380078,-0.738365,0.557054,0.590197,-0.641774,-0.489639,0.834223,0.007324,-0.551317,-0.380078,-0.738365,0.557054,0.418867,0.688803,0.591632,-0.590197,-0.641774,-0.489639,0.638813,0.639241,-0.428053,0,-0.047884,0.99884,0,-0.627918,0.778252,0.673971,-0.627918,0.389111,0.865017,-0.047884,0.499405,0.673971,-0.627918,-0.389111,0.865017,-0.047884,-0.499405,0,-0.627918,-0.778252,0,-0.047884,-0.99884,-0.673971,-0.627918,-0.389111,-0.865017,-0.047884,-0.499405,-0.673971,-0.627918,0.389111,-0.865017,-0.047884,0.499405,0.098972,-0.703604,0.703635,0.076693,-0.79281,0.604602,-0.057924,-0.299081,-0.952452,-0.063082,-0.355968,-0.93234,0.359722,0.93112,0.059938,0.349742,0.598621,0.720603,0.364635,-0.14893,0.919126,-0.945372,-0.15009,0.289285,-0.71276,-0.122288,-0.690603,-0.630696,-0.437147,-0.641163,-0.682363,-0.726585,0.08002,-0.958525,0.233558,0.163213,0.836024,0.015748,-0.548448,0.629658,0.647175,-0.42967,0.410718,0.693869,0.591449,0.572131,-0.07065,0.817103,-0.568896,-0.077242,0.818751,-0.834223,0.007324,-0.551317,-0.418867,0.688803,0.591632,-0.638813,0.639241,-0.428053,-0.098972,-0.703604,0.703635,0.063082,-0.355968,-0.93234,0.057924,-0.299081,-0.952452,-0.076693,-0.79281,0.604602,-0.359722,0.93112,0.059938,-0.349742,0.598621,0.720603,-0.364635,-0.14893,0.919126],
    "vertices":[0.736615,-1.5,1.92978,1.3979,-2.57404,0.247709,0.977801,-3.5,0.529218,2,-1.5,0.072581,2,-1.5,0.75,0.337173,6.5,0.499999,4.61385,-1.9664,-0.684675,3.61385,-1.9664,0.441185,4.86385,-0.966396,-0.684675,3.36385,-0.966396,0.782278,4.11385,-1.9664,0.441185,4.36385,-0.966396,0.782278,3.11385,-1.9664,-0.684675,3.82849,-1.96194,0.401961,3.82849,-3.9802,0.305182,4.25868,-1.96194,0.153594,4.17486,-3.9802,0.105205,4.25868,-1.96194,-0.343139,4.17486,-3.9802,-0.294749,3.82849,-1.96194,-0.591506,3.82849,-3.9802,-0.494726,3.39831,-1.96194,-0.343139,3.48212,-3.9802,-0.294749,3.39831,-1.96194,0.153594,3.48212,-3.9802,0.105205,1.83312,-1.41208,-0.051054,2.00413,-1.66208,0.418793,1.50413,0.587924,0.418792,3.08662,-1.41208,-0.598286,3.50763,-1.66208,0.12156,3.50763,-1.16208,0.12156,2.86385,-0.966396,-0.684675,4.10469,2.5336,-0.034675,3.81385,2.5336,0.165325,4.00469,2.5336,0.165325,3.71385,2.5336,-0.034675,0,-4.5,0.507543,0,-1.5,-0.25,-0.736615,-1.5,1.92978,-1.3979,-2.57404,0.247709,-0.977801,-3.5,0.529218,-2,-1.5,0.072581,-2,-1.5,0.75,0,6.5,0.749999,-0.337173,6.5,0.499999,0,6.5,0.249999,-4.61385,-1.9664,-0.684675,-3.61385,-1.9664,0.441185,-4.86385,-0.966396,-0.684675,-3.36385,-0.966396,0.782278,-4.11385,-1.9664,0.441185,-4.36385,-0.966396,0.782278,-3.11385,-1.9664,-0.684675,-3.82849,-1.96194,0.401961,-3.82849,-3.9802,0.305182,-4.25868,-1.96194,0.153594,-4.17486,-3.9802,0.105205,-4.25868,-1.96194,-0.343139,-4.17486,-3.9802,-0.294749,-3.82849,-1.96194,-0.591506,-3.82849,-3.9802,-0.494726,-3.39831,-1.96194,-0.343139,-3.48212,-3.9802,-0.294749,-3.39831,-1.96194,0.153594,-3.48212,-3.9802,0.105205,-1.83312,-1.41208,-0.051054,-2.00413,-1.66208,0.418793,-1.50413,0.587924,0.418792,-3.08662,-1.41208,-0.598286,-3.50763,-1.66208,0.12156,-3.50763,-1.16208,0.12156,0,7.80032,0.366549,-2.86385,-0.966396,-0.684675,-4.10469,2.5336,-0.034675,-3.81385,2.5336,0.165325,-4.00469,2.5336,0.165325,-3.71385,2.5336,-0.034675],
    "faces":[41,4,2,1,3,0,1,2,3,0,1,2,3,41,37,1,2,36,4,2,1,5,4,2,1,5,40,3,1,37,3,2,4,3,2,4,41,71,43,5,45,6,7,8,9,6,7,8,9,41,31,9,33,35,10,11,12,13,10,11,12,13,41,11,10,6,8,14,15,16,17,14,15,16,17,41,10,11,9,7,18,14,11,19,15,14,11,18,41,9,11,34,33,11,14,20,12,11,14,19,12,41,31,8,6,12,21,17,22,23,10,17,16,20,41,7,9,31,12,24,11,10,25,18,11,10,20,41,8,31,35,32,17,21,26,27,17,10,13,21,41,13,14,16,15,28,29,30,31,22,23,24,25,41,15,16,18,17,32,33,34,35,25,24,26,27,41,17,18,20,19,35,34,36,37,27,26,28,29,41,19,20,22,21,37,36,38,39,29,28,30,31,40,18,16,14,43,30,29,26,24,23,40,14,24,22,29,40,41,23,32,30,40,22,20,18,41,42,43,30,28,26,40,14,22,18,29,41,43,23,30,26,41,23,24,14,13,44,45,29,28,33,32,23,22,41,21,22,24,23,39,38,45,44,31,30,32,33,41,29,26,25,28,46,47,48,49,34,35,36,37,41,27,30,28,25,50,51,49,48,38,39,37,36,41,29,30,27,26,46,52,53,47,34,39,38,35,40,4,36,2,0,54,55,0,5,1,40,4,0,36,0,56,54,0,40,5,41,11,8,32,34,14,17,27,20,14,17,21,19,41,32,35,33,34,57,58,12,20,21,13,12,19,41,12,6,10,7,59,60,18,19,20,16,15,18,41,43,0,4,5,7,56,0,8,7,40,0,8,41,3,45,5,4,3,61,8,0,3,9,8,0,40,37,45,3,4,61,3,4,9,3,41,42,41,39,40,62,63,64,65,41,42,43,44,41,37,36,40,39,66,67,65,64,4,5,44,43,40,37,39,41,66,64,63,4,43,42,41,71,45,44,43,6,9,68,7,6,9,45,7,41,72,76,74,49,69,70,71,72,46,47,48,49,41,51,48,46,50,73,74,75,76,50,51,20,18,41,50,47,49,51,77,78,72,73,18,15,49,50,41,49,74,75,51,72,71,79,73,49,48,52,50,41,72,52,46,48,80,81,82,74,46,16,20,51,41,47,52,72,49,83,84,69,72,15,16,46,49,41,48,73,76,72,74,85,86,80,51,53,47,46,41,53,55,56,54,87,88,89,90,22,33,32,23,41,55,57,58,56,91,92,93,94,33,31,30,32,41,57,59,60,58,92,95,96,93,31,29,28,30,41,59,61,62,60,95,97,98,96,29,27,26,28,40,54,56,58,90,89,99,23,32,30,40,58,60,62,99,100,101,30,28,26,40,62,64,54,101,102,90,26,24,23,40,58,62,54,99,101,90,30,26,23,41,63,53,54,64,103,87,90,104,25,22,23,24,41,61,63,64,62,97,103,104,98,27,25,24,26,41,69,68,65,66,105,106,107,108,54,55,56,57,41,67,65,68,70,109,107,106,110,58,56,55,59,41,69,66,67,70,105,108,111,112,54,57,58,59,40,42,40,36,62,113,54,41,44,5,40,42,36,38,62,54,114,41,5,60,41,51,75,73,48,73,79,85,74,50,52,53,51,41,73,75,74,76,115,79,71,116,53,52,48,47,41,52,47,50,46,117,78,77,118,16,15,18,20,41,42,38,43,44,62,114,7,68,41,60,7,45,41,41,42,44,45,63,62,68,119,42,41,45,9,40,37,41,45,66,63,119,4,42,9,40,43,38,0,7,114,56,7,60,40,40,36,0,38,54,56,114,5,40,60],