{
    "normals":[0,0.962737,-0.270363,0,0.943236,0.332072,-0.801599,0.462783,0.37843,-0.833766,0.481368,-0.270363,-0.816279,-0.456374,0.354076,-0.833766,-0.481368,-0.270363,0,-0.925596,0.37843,0,-0.962737,-0.270363,0.816645,-0.454756,0.355327,0.833766,-0.481368,-0.270363,0,0.965392,0.26072,-0.836055,0.482681,0.26072,0.833766,0.481368,-0.270363,0.801599,0.462783,0.37843,0.845424,-0.488113,-0.216712,0,-0.976226,-0.216712,0.836055,0.482681,0.26072,0.836055,-0.482681,0.26072,0.829249,-0.478744,-0.288278,0.829249,0.478744,-0.288278,-0.836055,-0.482681,0.26072,0,-0.965392,0.26072,0,-0.957518,-0.288278,0,-0.606159,-0.795312,0.524949,-0.303079,-0.795312,-0.829249,-0.478744,-0.288278,0,0.957518,-0.288278,-0.829249,0.478744,-0.288278,-0.845424,-0.488113,-0.216712,-0.845424,0.488113,-0.216712,0.845424,0.488113,-0.216712,0,0.976226,-0.216712,0.678701,0.391827,0.621113,0,0.783685,0.621113,-0.678701,0.391827,0.621113,-0.678701,-0.391827,0.621113,0,-0.783685,0.621113,0.678701,-0.391827,0.621113,-0.524949,-0.303079,-0.795312,-0.524949,0.303079,-0.795312,0,0.606159,-0.795312,0.524949,0.303079,-0.795312,0.193976,-0.581957,0.789727,-0.887509,-0.364269,0.282113,-0.358257,0.716544,0.598437,0.887967,-0.342967,0.306345,0.319529,0.715598,0.621113,-0.174535,-0.554216,0.813837,-0.683798,0.113956,0.720695,0.683798,0.113956,0.720695,0,0.943175,0.332194],
    "faces":[41,0,1,3,2,0,1,2,3,0,1,2,3,41,2,3,5,4,3,2,4,5,3,2,4,5,41,4,5,7,6,5,4,6,7,5,4,6,7,41,6,7,9,8,8,9,10,11,7,6,8,9,41,3,1,13,12,12,13,14,15,2,1,10,11,41,1,0,10,11,1,0,16,17,1,0,12,13,41,8,9,11,10,11,10,17,16,9,8,13,12,41,6,8,28,27,18,19,20,21,7,9,14,15,41,17,16,22,23,22,23,24,25,16,17,18,19,41,7,5,14,15,26,27,28,29,6,4,20,21,41,1,11,17,13,30,31,32,14,1,13,16,10,41,9,7,15,16,33,34,35,36,8,6,21,17,41,5,3,12,14,37,38,15,28,4,2,11,20,41,11,9,16,17,39,40,36,32,13,8,17,16,41,22,21,39,40,41,42,43,44,18,22,23,24,41,15,14,20,21,45,46,47,48,21,20,25,22,41,12,13,19,18,49,50,51,52,11,10,26,27,41,13,17,23,19,53,54,55,56,10,16,19,26,41,16,15,21,22,57,58,59,60,17,21,22,18,41,14,12,18,20,61,62,63,64,20,11,27,25,41,2,4,26,25,65,66,67,68,3,5,28,29,41,8,10,29,28,69,70,71,20,9,12,30,14,41,0,2,25,24,72,73,74,75,0,3,29,31,41,4,6,27,26,76,77,78,67,5,7,15,28,41,10,0,24,29,79,80,81,71,12,0,31,30,40,35,30,31,87,82,83,32,33,34,40,31,32,33,83,84,85,34,35,36,40,33,34,35,85,86,87,36,37,32,40,31,33,35,83,85,87,34,36,32,41,26,27,33,32,88,89,90,91,28,15,36,35,41,24,25,31,30,92,93,94,95,31,29,34,33,41,29,24,30,35,96,92,95,97,30,31,33,32,41,27,28,34,33,98,99,100,101,15,14,37,36,41,29,35,34,28,96,97,100,99,30,32,37,14,41,26,32,31,25,88,91,94,93,28,35,34,29,40,38,36,37,107,102,103,38,39,40,40,37,41,40,103,104,105,40,41,24,40,40,39,38,105,106,107,24,23,38,40,37,40,38,103,105,107,40,24,38,41,20,18,36,38,108,109,110,107,25,27,39,38,41,23,22,40,41,111,41,44,112,19,18,24,41,41,21,20,38,39,113,108,107,106,22,25,38,23,41,18,19,37,36,109,114,115,110,27,26,40,39,41,19,23,41,37,114,111,112,115,26,19,41,40,40,42,43,5,116,117,118,42,43,4,40,43,42,44,119,120,121,43,42,44,40,43,44,5,117,122,118,43,44,4,40,46,47,45,123,124,125,45,46,47,40,9,47,46,126,127,128,8,46,45,40,46,45,9,129,130,131,45,47,8,40,49,48,50,132,133,134,48,49,50,40,49,50,1,135,136,137,48,50,1,40,48,1,50,138,137,136,49,1,50],
    "vertices":[0,0.261954,0.7617,-0,0.25872,-1.1527,-0.226858,0.130977,0.7617,-0.224058,0.12936,-1.1527,-0.226858,-0.130977,0.7617,-0.224058,-0.12936,-1.1527,1e-06,-0.261954,0.7617,-0,-0.25872,-1.1527,0.226859,-0.130977,0.7617,0.224058,-0.129359,-1.1527,0.226859,0.130977,0.7617,0.224058,0.12936,-1.1527,-0.317251,0.183165,-1.2827,-0,0.36633,-1.2827,-0.317251,-0.183164,-1.2827,-0,-0.366329,-1.2827,0.317251,-0.183164,-1.2827,0.31725,0.183165,-1.2827,-0.269895,0.155824,-1.8127,-0,0.311648,-1.8127,-0.269895,-0.155823,-1.8127,-0,-0.311646,-1.8127,0.269894,-0.155823,-1.8127,0.269894,0.155824,-1.8127,0,0.38808,0.9917,-0.336087,0.194039,0.9917,-0.336087,-0.19404,0.9917,1e-06,-0.38808,0.991699,0.336087,-0.19404,0.991699,0.336087,0.19404,0.9917,0,0.373526,1.4817,-0.323483,0.186763,1.4817,-0.323483,-0.186764,1.4817,1e-06,-0.373527,1.4817,0.323484,-0.186764,1.4817,0.323484,0.186763,1.4817,-0.121453,0.070121,-2.1127,-0,0.140242,-2.1127,-0.121453,-0.07012,-2.1127,-0,-0.140241,-2.1127,0.121452,-0.07012,-2.1127,0.121452,0.070121,-2.1127,-0.124058,-0.12936,-0.552699,-0.724058,-0.32936,-0.552699,-0.124058,-0.02936,-0.552699,0.075007,-0.135571,-0.553527,0.680903,-0.316807,-0.547001,0.071915,-0.035701,-0.55757,0.1,0.05872,-0.552699,-0.1,0.05872,-0.552699,-1e-06,0.65872,-0.552699],
    "uvs":[[0.120875,0.751438,0.120875,0.999738,0.087318,0.999767,0.0869,0.751467,0.053762,0.999852,0.052924,0.751553,0.020206,0.999993,0.018948,0.751696,0.222803,0.751697,0.221543,0.999994,0.187987,0.999852,0.188827,0.751553,0.824097,0.110273,0.823193,0.084065,0.836927,0.081741,0.838206,0.11885,0.154851,0.751467,0.154431,0.999767,0.500934,0.468264,0.498891,0.441694,0.558892,0.434449,0.561919,0.473813,0.501207,0.304122,0.50128,0.259132,0.566624,0.262596,0.566562,0.30087,0.835846,0.18898,0.83037,0.162292,0.842746,0.156498,0.8505,0.194287,0.823315,0.071656,0.824724,0.046104,0.838923,0.045561,0.831977,-0.002076,0.837944,-0.025518,0.852621,-0.022501,0.844173,0.010691,0.828288,0.149519,0.825082,0.12293,0.825951,0.034075,0.829658,0.009448,0.415803,0.258053,0.478927,0.281913,0.435941,0.343147,0.407536,0.33241,0.501061,0.363697,0.501134,0.318707,0.566478,0.322171,0.566416,0.360445,0.502266,0.495708,0.502339,0.450718,0.567683,0.454182,0.567621,0.492456,0.502339,0.450653,0.502412,0.405664,0.567756,0.409127,0.567694,0.447401,0.501182,0.401907,0.501255,0.356918,0.566599,0.360382,0.566537,0.398656,0.501134,0.340676,0.501207,0.295687,0.566551,0.299151,0.566489,0.337425,0.496125,0.327945,0.498696,0.301383,0.559789,0.296055,0.555981,0.335407,0.49832,0.42813,0.498125,0.401546,0.558604,0.395065,0.500302,0.348488,0.501024,0.321905,0.56172,0.315805,0.560649,0.355187,0.500479,0.287839,0.504895,0.261321,0.566332,0.25677,0.498497,0.387981,0.500151,0.361405,0.561053,0.355694,0.129246,0.189034,0.159838,0.135897,0.221152,0.135821,0.251875,0.188883,0.221283,0.24202,0.159969,0.242096,0.454886,0.294527,0.457691,0.255072,0.507472,0.259355,0.504772,0.29733,0.452794,0.373599,0.453253,0.334047,0.5032,0.335369,0.502759,0.373437,0.45351,0.413147,0.503447,0.411502,0.458459,0.492093,0.455398,0.452657,0.505265,0.44953,0.508211,0.487487,0.356566,0.385686,0.386894,0.384143,0.403394,0.409637,0.389566,0.436673,0.359238,0.438216,0.342738,0.412722,0.27181,0.436524,0.266881,0.369222,0.340521,0.382436,0.34898,0.267464,0.377465,0.336646,0.308476,0.493176,0.294903,0.307832,0.353131,0.354811,0.258505,0.267192,0.47304,0.267192,0.290685,0.471,0.473765,0.394228,0.283873,0.421355,0.270309,0.394228,0.498595,0.493301,0.263334,0.447774,0.485666,0.447774,0.470844,0.477418,0.478404,0.274234,0.478404,0.483638,0.260753,0.422519,0.257955,0.344738,0.467007,0.268958,0.49464,0.484284,0.470623,0.291309,0.482853,0.364688,0.256601,0.364688,0.494453,0.490796,0.303337,0.449774,0.46801,0.286739,0.264228,0.258258]],
    "metadata":{
        "type":"Geometry",
        "normals":51,
        "faces":53,
        "version":3,
        "vertices":51,
        "uvs":1,
        "generator":"io_three"
    },
    "name":"CylinderGeometry.1"
}