{
    "normals":[0.577349,-0.577349,-0.577349,0.577349,0.577349,-0.577349,0.577349,0.577349,0.577349,0.577349,-0.577349,0.577349,-0.577349,0.577349,0.577349,-0.577349,-0.577349,0.577349,-0.577349,0.577349,-0.577349,-0.577349,-0.577349,-0.577349],
    "name":"Cylinder.001Geometry",
    "faces":[41,1,0,2,3,0,0,0,0,0,1,2,3,41,3,2,6,7,0,0,0,0,3,2,4,5,41,7,6,4,5,0,0,0,0,5,4,6,7,41,0,1,5,4,0,0,0,0,1,0,7,6,41,0,4,6,2,0,0,0,0,1,6,4,2,41,5,1,3,7,0,0,0,0,7,0,3,5],
    "metadata":{
        "generator":"io_three",
        "normals":8,
        "version":3,
        "uvs":1,
        "faces":6,
        "vertices":8,
        "type":"Geometry"
    },
    "vertices":[0.030397,-0.037692,0.026643,0.030397,-0.03766,0.026643,0.030397,-0.037692,0.026611,0.030397,-0.03766,0.026611,0.030429,-0.037692,0.026643,0.030429,-0.03766,0.026643,0.030429,-0.037692,0.026611,0.030429,-0.03766,0.026611],
    "uvs":[[0,0]]
}