{
    "metadata":{
        "type":"Geometry",
        "version":3,
        "normals":155,
        "generator":"io_three",
        "uvs":1,
        "vertices":163,
        "faces":156
    },
    "normals":[0.169774,-0.424665,0.889279,-0.141972,-0.748405,0.647816,0.058382,-0.912656,-0.404462,0.273385,-0.558489,-0.783135,-0.602893,-0.016388,-0.797632,-0.867916,0.215644,0.447401,-0.94525,0.189978,0.265297,-0.642689,0.095462,-0.760125,-0.578234,-0.249062,-0.77691,-0.131474,0.266243,-0.954863,0.215155,0.747307,-0.62862,0.299234,-0.227424,-0.926664,0.300272,-0.013031,-0.953734,-0.712302,0.142979,0.687124,-0.74572,-0.188299,0.639058,-0.773278,-0.295175,0.561144,-0.748222,0.102695,0.655416,-0.383587,-0.174474,0.906857,0,-0.374706,0.927122,0,0.125034,0.992126,-0.349406,-0.162297,0.922788,0,-0.084109,-0.996429,-0.229835,0.083895,-0.969573,0,0.350658,0.936491,-0.640645,0.408521,0.650105,-0.740135,-0.037843,0.671377,-0.683645,-0.025513,0.729331,-0.62038,0.026337,0.783807,-0.701437,0.058077,0.710318,-0.774926,0.218909,0.592883,-0.730186,0.150639,0.666402,-0.757195,0.192999,0.623981,0,0.302133,0.953246,-0.782647,0.276742,0.557512,-0.724754,0.378246,-0.575823,-0.693533,0.69747,0.180273,-0.526017,0.554949,-0.644459,-0.681448,0.193091,-0.705893,-0.956023,0.214942,0.1995,-0.578936,0.786065,0.216529,-0.409558,0.512375,0.754753,0.685903,0.462539,-0.561724,-0.129154,0.554643,0.821986,-0.528794,-0.53853,-0.655995,-0.446638,-0.260994,-0.85577,-0.277291,0.886288,-0.370861,-0.293161,-0.042177,0.955107,-0.559648,-0.426313,0.710624,-0.742973,-0.384411,0.547899,-0.668508,-0.666921,-0.329051,-0.927335,-0.213752,0.307138,-0.265877,0.750481,0.605029,0.576037,0.093631,0.812006,0.589068,-0.068026,0.80517,0.754601,0.042665,-0.654775,0.768426,0.057955,-0.637257,-0.81457,-0.060671,0.576861,-0.680746,0.015503,-0.732322,-0.558428,-0.478164,-0.677847,-0.690512,-0.556505,0.461989,-0.783013,0.15772,0.601642,-0.652638,0.220923,-0.724693,0.341868,0.742393,0.576128,-0.693777,0.50029,0.517991,0.438826,-0.69985,0.563555,0.50618,-0.660726,-0.554247,-0.785913,0.079775,0.613117,0.644551,0.023682,0.764183,0.45088,0.693564,0.561815,-0.636372,0.571398,0.518143,-0.647114,-0.481185,0.591327,0.481918,-0.629749,0.60921,-0.749382,0.013092,-0.661946,0.685629,-0.033326,-0.727165,0.48912,-0.708945,-0.508072,-0.620838,-0.555376,-0.55324,0.456954,0.666616,-0.588885,-0.567217,0.473617,-0.673727,-0.531266,0.529832,-0.661031,0.385449,0.796472,-0.465865,-0.169774,-0.424665,0.889279,-0.273385,-0.558489,-0.783135,-0.058382,-0.912656,-0.404462,0.141972,-0.748405,0.647816,0.602893,-0.016388,-0.797632,0.642689,0.095462,-0.760125,0.94525,0.189978,0.265297,0.867916,0.215644,0.447401,0.578234,-0.249062,-0.77691,-0.299234,-0.227424,-0.926664,-0.215155,0.747307,-0.62862,0.131474,0.266243,-0.954863,-0.300272,-0.013031,-0.953734,0.712302,0.142979,0.687124,0.748222,0.102695,0.655416,0.773278,-0.295175,0.561144,0.74572,-0.188299,0.639058,0.383587,-0.174474,0.906857,0.349406,-0.162297,0.922788,0.229835,0.083895,-0.969573,0.640645,0.408521,0.650105,0.740135,-0.037843,0.671377,0.701437,0.058077,0.710318,0.62038,0.026337,0.783807,0.683645,-0.025513,0.729331,0.774926,0.218909,0.592883,0.757195,0.192999,0.623981,0.730186,0.150639,0.666402,0.782647,0.276742,0.557512,0.724754,0.378246,-0.575823,0.526017,0.554949,-0.644459,0.693533,0.69747,0.180273,0.681448,0.193091,-0.705893,0.956023,0.214942,0.1995,0.578936,0.786065,0.216529,0.409558,0.512375,0.754753,0.129154,0.554643,0.821986,-0.685903,0.462539,-0.561724,0.277291,0.886288,-0.370861,0.446638,-0.260994,-0.85577,0.528794,-0.53853,-0.655995,0.293161,-0.042177,0.955107,0.559648,-0.426313,0.710624,0.742973,-0.384411,0.547899,0.668508,-0.666921,-0.329051,0.927335,-0.213752,0.307138,0.265877,0.750481,0.605029,-0.576037,0.093631,0.812006,-0.768426,0.057955,-0.637257,-0.754601,0.042695,-0.654775,-0.589068,-0.068026,0.80517,0.81457,-0.060671,0.576861,0.690512,-0.556505,0.461989,0.558428,-0.478164,-0.677847,0.680746,0.015503,-0.732322,0.652638,0.220923,-0.724693,0.783013,0.15772,0.601642,0.693777,0.50029,0.517991,-0.341868,0.742393,0.576128,-0.438826,-0.69985,0.563555,-0.50618,-0.660726,-0.554247,0.785913,0.079775,0.613117,0.636372,0.571398,0.518143,-0.45088,0.693564,0.561815,-0.644551,0.023682,0.764183,-0.481918,-0.629749,0.60921,0.647114,-0.481185,0.591327,0.749382,0.013092,-0.661946,0.620838,-0.555376,-0.55324,-0.48912,-0.708945,-0.508072,-0.685629,-0.033326,-0.727165,0.567217,0.473617,-0.673727,-0.456954,0.666616,-0.588885,0.531266,0.529832,-0.661031,-0.385449,0.796472,-0.465865],
    "name":"CubeGeometry",
    "uvs":[[0.358303,0.577682,0.393801,0.521748,0.410374,0.529577,0.389334,0.593262,0.414913,0.624227,0.432726,0.697244,0.324399,0.707085,0.305187,0.649677,0.853029,0.894901,0.726287,0.944635,0.639184,0.901074,0.858657,0.856902,0.471131,0.622287,0.461293,0.775643,0.610809,0.775643,0.611556,0.821837,0.501773,0.847008,0.722588,0.790491,0.620081,0.869619,0.520976,0.902316,0.742361,0.808291,0.382374,0.98687,0.383369,0.909284,0.495903,0.920013,0.553118,0.989305,0.495026,0.897215,0.486176,0.850334,0.167989,0.762028,0.143354,0.800816,0.127286,0.796022,0.140904,0.7645,0.335877,0.831264,0.186762,0.803201,0.19394,0.774514,0.325944,0.779955,0.441358,0.836009,0.452772,0.882433,0.342316,0.880092,0.18523,0.850047,0.44581,0.798799,0.070677,0.694105,0.048705,0.716468,0.044425,0.693322,0.645411,0.943102,0.726594,0.966632,0.743568,0.986755,0.159356,0.722694,0.154848,0.688168,0.401701,0.783202,0.413444,0.728471,0.401493,0.751054,0.326286,0.745272,0.040832,0.719905,0.192239,0.742931,0.131979,0.108583,0.197612,0.142552,0.105867,0.209811,0.089016,0.198508,0.295099,0.267994,0.138509,0.322768,0.032851,0.324051,0.557641,0.713591,0.559068,0.738279,0.331093,0.464982,0.150444,0.457673,0.127501,0.393984,0.250034,0.38887,0.448694,0.207136,0.140133,0.328317,0.013367,0.334981,0.299577,0.285302,0.301944,0.583625,0.287866,0.566852,0.671113,0.880086,0.96483,0.785712,0.453231,0.224591,0.938062,0.924862,0.92359,0.913914,0.986647,0.803712,0.664625,0.759754,0.091278,0.509239,0.197729,0.524731,0.070904,0.97643,0.018404,0.918016,0.32776,0.900566,0.068538,0.829357,0.054216,0.8898,0.038094,0.807077,0.875466,0.549453,0.754125,0.534797,0.755252,0.506329,0.882187,0.522427,0.790153,0.628173,0.789081,0.65191,0.729875,0.647079,0.731667,0.622363,0.834632,0.62891,0.834095,0.65369,0.94774,0.5639,0.901295,0.633929,0.873059,0.743125,0.733677,0.744177,0.695165,0.535776,0.69405,0.511113,0.797553,0.337072,0.766799,0.233013,0.963366,0.280396,0.919024,0.344477,0.739072,0.332433,0.700357,0.237033,0.673396,0.724822,0.794058,0.359176,0.752676,0.452052,0.691942,0.446341,0.73652,0.357535,0.753923,0.478952,0.691397,0.470972,0.982227,0.300397,0.937884,0.364478,0.947566,0.443674,0.950939,0.470274,0.915453,0.372341,0.901351,0.654024,0.954385,0.544932,0.950812,0.723762,0.157593,0.819117,0.145636,0.880392,0.920046,0.643827,0.969507,0.713565,0.650769,0.713146,0.707248,0.635403,0.715804,0.343414,0.677089,0.248014]],