{
    "name":"Cube.001Geometry",
    "metadata":{
        "generator":"io_three",
        "version":3,
        "uvs":1,
        "normals":116,
        "vertices":137,
        "faces":140,
        "type":"Geometry"
    },
    "normals":[0.600299,-0.653279,0.461318,0.597522,-0.696799,0.396741,0.94763,-0.300607,0.10773,0.918485,-0.234779,0.318125,0.594409,-0.540757,-0.595141,0.775933,-0.180944,-0.604266,0,-0.809015,0.587725,0,-0.803156,-0.595721,0,-0.911252,0.411786,0.619434,-0.784051,-0.039399,0,-0.99353,-0.113285,0.877957,-0.478652,-0.005036,0.089175,-0.900967,-0.424574,0.505753,-0.489273,-0.710471,0.737602,-0.316691,-0.596301,0.703574,-0.611438,0.362041,0.658132,-0.328257,-0.677511,0.302866,-0.878079,-0.370434,0.994812,-0.033876,-0.095676,0.815149,-0.498856,0.29429,0,-0.471847,-0.881649,0.997528,0.051027,-0.048189,0,0.940825,0.338816,0.19248,0.011994,0.981201,-0.916898,-0.397656,-0.033143,-0.877957,-0.478652,-0.005066,0.061525,0.000885,0.998077,0,-0.285134,0.958464,-0.619434,-0.784051,-0.039399,0.972411,-0.163884,-0.165899,0.910245,-0.413953,-0.00885,0.510147,0.398175,-0.762322,0.502609,0.124271,0.855495,0.890072,0.375988,0.257576,-0.061525,0.000885,0.998077,-0.502609,0.124271,0.855495,0,0.268014,0.963408,0,0.901914,0.431867,0.001495,0.875759,-0.482711,0,0.868221,0.496109,-0.997528,0.051027,-0.048189,0.668294,0.743309,0.028413,0.731956,-0.65685,0.180914,0.730735,-0.671163,-0.124516,0.730735,0.671163,-0.124516,0.731956,0.65685,0.180914,-0.410565,0.607196,0.680227,-0.410565,-0.607196,0.680227,0.410565,-0.607196,0.680227,0.410565,0.607196,0.680227,0.46379,-0.597186,-0.654378,0.46379,0.597186,-0.654378,-0.391186,0.91464,-0.10184,-0.510697,0.404004,-0.758904,0.41908,0.524216,-0.741295,0,0.995453,-0.095004,0.597125,0.797784,0.083377,-0.230964,0.592181,0.771966,-0.894559,0.358898,0.266305,-0.447829,0.702048,0.553636,-0.415815,0.458541,-0.785363,0.344371,0.82284,0.45201,-0.600299,-0.653279,0.461318,-0.914121,-0.24192,0.325297,-0.949004,-0.297128,0.105228,-0.597522,-0.696799,0.396741,-0.594409,-0.540757,-0.595141,-0.775933,-0.180944,-0.604266,-0.733818,-0.60445,-0.309976,-0.784356,-0.432539,-0.444563,-0.881497,-0.174139,-0.438887,-0.964599,0.191778,-0.180914,-0.173467,0.027314,0.984436,0,0.513352,0.85815,0.924833,0.289743,0.246376,0.393841,0.91348,-0.101962,0.46263,0.877987,-0.122715,0.941313,0.222602,-0.253639,-0.664327,0.745018,0.059969,0,0.495743,0.868435,-0.731956,-0.65685,0.180914,-0.731956,0.65685,0.180914,-0.730735,0.671163,-0.124516,-0.730735,-0.671163,-0.124516,-0.46379,-0.597186,-0.654378,-0.46379,0.597186,-0.654378,-0.962127,-0.144444,-0.231056,-0.086367,0.172979,0.981109,0,-0.609973,-0.792383,-0.686239,-0.609973,-0.396191,-0.686239,0.609973,-0.396191,0,0.609973,-0.792383,0,0,1,0.866024,0,0.499985,-0.686239,-0.609973,0.396191,-0.686239,0.609973,0.396191,0.866024,0,-0.499985,0,-0.609973,0.792383,0.686239,-0.609973,0.396191,0.686239,0.609973,0.396191,0,0.609973,0.792383,0,0,-0.999969,0,0,-1,0.686239,-0.609973,-0.396191,0.686239,0.609973,-0.396191,-0.866024,0,-0.499985,-0.866024,0,0.499985,0.707083,0,0.707083,0.707083,0,-0.707083,-0.707083,0,-0.707083,-0.707083,0,0.707083,-0.924833,0.289346,0.246773,-0.764458,0.643147,0.043611,-0.461776,0.878414,-0.122959,-0.940428,0.220923,-0.25837,0.004151,0.421094,-0.90698],
    "vertices":[0.75,-0.85,1.28,0.75,-0.85,1.55,0.75,-1.15,1.05,0.75,-1.15,1.7,1.25,0.15,1.4,1.25,0.15,1.65,1.5,-0.1,1.05,1.5,-0.35,1.8,0.25,0.65,-0.95,1.25,-0.1,0.55,0.75,-1.1,0.55,0.25,-0.35,-1.2,0.146039,1.59661,-2.75064,1.75,0.9,1.8,2.75,2.15,1.8,1.35,2.2,2.1,2.75,3.4,2.05,0.75,1.15,2.55,0.5,0.4,2.46968,0.75,3.65,2.85,0.7,1.35,2.4,0.5,0.65,2.3,1.25,0.65,1.65,1.5,0.9,1,0.6,0.65,1.05,1,1.9,1.85,0,1.80725,1.23723,0.237663,1.80725,0.946247,0.174392,1.80725,-0.621787,0.174392,1.80725,1.49625,0.437663,1.80725,0.996247,0.437663,1.80725,0.128213,0.174392,2.30725,-0.621787,0.174392,2.30725,1.49625,0.437663,2.30725,0.996247,0.437663,2.30725,0.128213,0,-1.1,1.2,0,-1.1,1.45,0,-1.6,1,0,-1.6,1.6,-0.75,-0.85,1.28,-0.75,-0.85,1.55,-0.75,-1.15,1.05,-0.75,-1.15,1.7,-1.25,0.15,1.4,-1.25,0.15,1.65,-1.5,-0.1,1.05,-1.5,-0.35,1.8,-0.25,0.65,-0.95,-1.25,-0.1,0.55,-0.75,-1.1,0.55,0,-1.6,0.55,-0.25,-0.35,-1.2,0,-0.6,-1.2,-0.146039,1.59661,-2.75064,0,1.15,-3.2,0,3.15,-4.2,-1.75,0.9,1.8,-3,2.65,1.8,-1.45,1.95,2.1,-2.75,3.4,2.05,-0.75,1.15,2.55,0,-0.317853,2.37493,-0.5,0.4,2.46968,-0.75,3.65,2.85,-0.7,1.35,2.4,0,0.05,2.3,-0.5,0.65,2.3,0,1.05,2.3,0,1.15,-0.643898,0,2.15,-2.45,-1.25,0.65,1.65,-1.5,0.9,1.05,-0.6,0.65,1.05,-1,1.9,1.85,-0.237663,1.80725,0.946247,-0.237663,1.80725,0.128213,-0.174392,1.80725,-0.621787,-0.174392,1.80725,1.49625,-0.437663,1.80725,0.996247,-0.437663,1.80725,0.128213,-0.174392,2.30725,-0.621787,-0.174392,2.30725,1.49625,-0.437663,2.30725,0.996247,-0.437663,2.30725,0.128213,0,0.9,1.8,0.858482,-1.30694,0.182235,0.468771,-1.30694,0.407235,0.468771,-1.30694,0.207235,0.468771,-4.14194,0.207235,0.685277,-1.30694,0.082235,0.685277,-4.14194,0.082235,0.685277,-1.30694,-0.167765,0.685277,-4.14194,-0.167765,0.468771,-1.30694,-0.292765,0.468771,-4.14194,-0.292765,0.252264,-1.30694,-0.167765,0.252264,-4.14194,-0.167765,0.252264,-1.30694,0.082235,0.252264,-4.14194,0.082235,0.858482,-1.30694,-0.767765,0.468771,-1.30694,-0.992765,0.079059,-1.30694,-0.767765,0.079059,-1.30694,0.182235,0.858482,-0.08194,0.182235,0.468771,-0.08194,0.407235,0.858482,-0.08194,-0.767765,0.468771,-0.08194,-0.992766,0.079059,-0.08194,-0.767765,0.079059,-0.08194,0.182235,0.468771,-4.14194,0.382235,0.836831,-4.14194,0.169735,0.836831,-4.14194,-0.755265,0.468771,-4.14194,-0.967764,0.10071,-4.14194,-0.755265,0.10071,-4.14194,0.169735,0.468771,-4.66694,0.382236,0.836831,-4.66694,0.169735,0.836831,-4.66694,-0.755265,0.468771,-4.66694,-0.967764,0.10071,-4.66694,0.169735,0,-0.35,0.55,0.598674,-1.09694,-0.467765,0.598674,-4.17694,-0.467765,0.598674,-1.09694,-0.717765,0.598674,-4.17694,-0.717764,0.10071,-4.66694,-0.755269,0.338867,-1.09694,-0.717765,0.338867,-4.17694,-0.717764,0.338867,-1.09694,-0.467765,0.338867,-4.17694,-0.467765,0,4.15,-4.45,0,0.4,-0.95,0.237663,1.80725,0.146247,0.42,0.65,-0.05,-0.42,0.65,-0.05,0,1.80725,-0.353753],