{
    "vertices":[-144,28,16,176,28,-144,176,28,147.2,-80,28,-112,176,28,-176,-176,28,144,176,28,176,-96,28,112,144,28,147.2,96,28,-112,80,28,-176,96,28,112,-176,28,16,-176,28,176,-176,28,-16,80,28,-112,176,28,-147.2,80,28,144,-96,28,-112,-80,28,-16,-144,28,144,-80,28,176,80,28,176,-144,28,-16,-96,28,16,80,28,112,176,28,144,-80,28,144,-144,28,-144,-80,28,112,-96,28,-16,144,28,-147.2,80,28,-144,-80,28,16,-176,28,-144,-176,28,144,-80,28,-176,-176,28,-176,-80,28,-144,-176,28,-144,-79.636,27.6144,27.2083,-62.3641,28.1425,27.1948,-79.6359,27.8575,36.8052,-62.364,28.3856,36.7917,-79.636,27.6144,-36.7917,-62.3641,28.1425,-36.8052,-79.6359,27.8575,-27.1948,-62.364,28.3856,-27.2083,62.4772,27.6144,-11.7351,79.7491,28.1425,-11.7486,62.4773,27.8575,-2.13818,79.7492,28.3856,-2.15169,62.4772,27.6144,2.46867,79.7491,28.1425,2.45515,62.4773,27.8575,12.0656,79.7492,28.3856,12.0521],
    "name":"Plane.1742Geometry",
    "faces":[41,21,27,5,13,0,1,2,3,0,1,0,0,41,0,12,35,20,2,3,0,1,0,0,0,0,41,14,23,28,34,0,1,2,3,0,0,0,0,41,38,36,37,39,0,1,2,3,0,0,0,0,41,8,2,16,31,0,1,2,3,0,0,1,0,41,6,26,17,22,0,1,2,3,0,0,0,0,41,1,4,10,32,0,1,2,3,0,1,0,0,41,7,29,33,24,0,1,2,3,0,0,0,0,41,30,19,3,18,0,1,2,3,1,0,1,0,41,25,11,9,15,0,1,2,3,0,0,1,0,41,40,42,43,41,0,1,2,3,2,2,2,2,41,44,46,47,45,0,1,2,3,2,2,2,2,41,48,50,51,49,0,1,2,3,2,2,2,2,41,52,54,55,53,0,1,2,3,2,2,2,2],
    "normals":[0,1,0,0,0.999969,0,-0.030549,0.999207,-0.0253],
    "metadata":{
        "vertices":56,
        "faces":14,
        "version":3,
        "normals":3,
        "type":"Geometry",
        "generator":"io_three",
        "uvs":1
    },
    "uvs":[[0.2501,0.0001,0.4999,0.0001,0.4999,0.2499,0.2501,0.2499]]
}