{
    "vertices":[-108,79.7728,-172,-148,79.7728,-172,276,79.7728,-371.2,-148,79.7728,-212,-108,79.7728,-332,116,79.7728,-212,-20,79.7728,-264,236,79.7728,-371.2,-204,79.7728,-212,-148,79.7728,-172,-108,79.7728,-372,276,79.773,335.2,116,79.7728,-264,-108,79.7728,-372,236,79.7728,-372,108,79.7728,-212,212,79.773,384,-20,79.7728,-212,108,79.7728,-264,236,79.7728,-332,212,79.773,372,-12,79.7728,-264,172,79.773,372,236,79.773,335.2,-204,79.7728,-172,-12,79.7728,-212,172,79.773,384,-148,79.7728,-372,172,79.773,372,172,79.773,332,276,79.773,332,276,79.773,372,132,79.7728,-216,92,79.7728,-216,132,79.7728,-204,92,79.7728,-204,-244,79.7728,-212,-204,79.7728,-212,-244,79.773,384,-204,79.773,384,108,79.7728,-332,108,79.7728,-312,116,79.7728,-332,116,79.7728,-312,220,79.7728,-204,236,79.7728,-204,220,79.7728,-212,236,79.7728,-212,-92,79.7728,-212,-108,79.7728,-212,-92,79.7728,-204,-108,79.7728,-204,-12,79.7728,-312,-12,79.7728,-332,-20,79.7728,-312,-20,79.7728,-332,172,79.773,364,144,79.773,364,172,79.773,372,144,79.773,372,180,79.7729,72,180,79.7729,-136,172,79.7729,72,172,79.7729,-136,180,79.773,264,180,79.7729,120,172,79.773,264,172,79.7729,120,-164,79.7729,-92,-164,79.7729,-68,-156,79.7729,-92,-156,79.7729,-68,-164,79.7729,-28,-164,79.7729,-4,-156,79.7729,-28,-156,79.7729,-4,-164,79.7729,36,-164,79.7729,60,-156,79.7729,36,-156,79.7729,60,-164,79.7729,100,-164,79.7729,124,-156,79.7729,100,-156,79.7729,124,158,79.7728,-322,194,79.7728,-322,158,79.7728,-334,194,79.7728,-334,-194,79.7728,-162,-158,79.7728,-162,-194,79.7728,-174,-158,79.7728,-174,180.2,79.7728,332.64,180.2,79.7728,311.36,171.8,79.7728,332.64,171.8,79.7728,311.36,4.00002,79.7728,-216,-36,79.7728,-216,4.00003,79.7728,-204,-36,79.7728,-204,-176,79.773,364,-204,79.773,364,-176,79.773,372,-204,79.773,372],
    "metadata":{
        "normals":2,
        "version":3,
        "materials":0,
        "type":"Geometry",
        "uvs":1,
        "vertices":104,
        "faces":26,
        "generator":"io_three"
    },
    "normals":[0,1,0,0,0.999969,0],
    "faces":[43,14,10,4,19,0,0,1,2,3,0,0,0,1,43,0,13,27,9,0,2,3,0,1,0,0,1,0,43,20,22,26,16,0,0,1,2,3,0,0,0,0,43,30,29,28,31,0,0,1,2,3,0,0,0,0,43,7,23,11,2,0,0,1,2,3,1,0,0,0,43,18,15,5,12,0,0,1,2,3,1,1,0,0,43,3,8,24,1,0,0,1,2,3,0,0,0,0,43,6,17,25,21,0,0,1,2,3,0,0,0,0,43,35,34,32,33,0,0,1,2,3,1,0,1,0,43,36,38,39,37,0,0,1,2,3,0,0,0,1,43,40,41,43,42,0,0,1,2,3,1,0,0,0,43,44,45,47,46,0,0,1,2,3,0,0,0,0,43,51,50,48,49,0,0,1,2,3,0,0,0,0,43,55,54,52,53,0,0,1,2,3,1,0,1,0,43,59,58,56,57,0,0,1,2,3,0,0,0,0,43,63,62,60,61,0,0,1,2,3,0,0,0,0,43,67,66,64,65,0,0,1,2,3,0,0,0,0,43,68,69,71,70,0,0,1,2,3,0,0,0,0,43,72,73,75,74,0,0,1,2,3,0,0,0,0,43,76,77,79,78,0,0,1,2,3,0,0,0,0,43,80,81,83,82,0,0,1,2,3,0,0,0,0,43,84,85,87,86,0,0,1,2,3,0,0,1,0,43,88,89,91,90,0,0,1,2,3,0,0,0,0,43,92,93,95,94,0,0,1,2,3,0,0,0,0,43,99,98,96,97,0,0,1,2,3,0,0,1,0,43,103,102,100,101,0,0,1,2,3,0,0,0,0],
    "name":"Plane.1742Geometry.1",
    "materials":[],
    "uvs":[[0.2501,0.0001,0.2501,0.2499,0.4999,0.2499,0.4999,0.0001]]
}