{
    "faces":[43,14,10,4,19,0,0,1,2,3,0,0,0,1,43,0,13,27,9,0,2,3,0,1,0,1,0,0,43,20,22,26,16,0,0,1,2,3,0,0,0,0,43,30,29,28,31,0,0,1,2,3,0,0,0,0,43,7,23,11,2,0,0,1,2,3,0,0,0,0,43,18,15,5,12,0,0,1,2,3,1,1,0,0,43,3,8,24,1,0,0,1,2,3,0,0,0,0,43,6,17,25,21,0,0,1,2,3,1,1,0,0,43,35,34,32,33,0,0,1,2,3,1,0,1,0,43,36,38,39,37,0,0,1,2,3,0,0,0,1,43,40,41,43,42,0,0,1,2,3,0,0,0,0,43,44,45,47,46,0,0,1,2,3,0,0,0,0,43,51,50,48,49,0,0,1,2,3,0,0,0,0,43,55,54,52,53,0,0,1,2,3,1,0,1,0,43,59,58,56,57,0,0,1,2,3,0,1,1,0,43,63,62,60,61,0,0,1,2,3,0,0,0,0,43,67,66,64,65,0,0,1,2,3,0,0,0,0,43,68,69,71,70,0,0,1,2,3,0,0,0,0,43,72,73,75,74,0,0,1,2,3,0,0,0,0,43,76,77,79,78,0,0,1,2,3,0,0,0,0,43,80,81,83,82,0,0,1,2,3,0,0,0,0,43,84,85,87,86,0,0,1,2,3,0,1,0,0,43,88,89,91,90,0,0,1,2,3,0,0,0,0,43,92,93,95,94,0,0,1,2,3,0,0,0,0,43,99,98,96,97,0,0,1,2,3,0,0,1,0],
    "normals":[0,1,0,0,0.999969,0],
    "name":"Plane.1742Geometry.11",
    "vertices":[-188,39.7728,8,-228,39.7728,8,196,39.7728,-191.2,-228,39.7728,-32,-188,39.7728,-152,36,39.7728,-32,-100,39.7728,-84,156,39.7728,-191.2,-284,39.7728,-32,-228,39.7728,8.00001,-188,39.7728,-192,196,39.773,515.2,36,39.7728,-84,-188,39.7728,-192,156,39.7728,-192,28,39.7728,-32,132,39.7731,592,-100,39.7728,-32,28,39.7728,-84,156,39.7728,-152,132,39.773,552,-92,39.7728,-84,92,39.773,552,156,39.773,515.2,-284,39.7729,8.00001,-92,39.7728,-32,92,39.7731,592,-228,39.7728,-192,92,39.773,552,92,39.773,512,196,39.773,512,196,39.773,552,52,39.7728,-36,12,39.7728,-36,52,39.7728,-24,12,39.7728,-24,-324,39.7728,-32,-284,39.7728,-32,-324,39.773,564,-284,39.773,564,28,39.7728,-152,28,39.7728,-132,36,39.7728,-152,36,39.7728,-132,140,39.7728,-24,156,39.7728,-24,140,39.7728,-32,156,39.7728,-32,-172,39.7728,-32,-188,39.7728,-32,-172,39.7728,-24,-188,39.7728,-24,-92,39.7728,-132,-92,39.7728,-152,-100,39.7728,-132,-100,39.7728,-152,92,39.773,544,-284,39.773,544,92,39.773,552,-284,39.773,552,100,39.7729,252,100,39.7729,44,92,39.7729,252,92,39.7729,44,100,39.773,444,100,39.773,300,92,39.773,444,92,39.7729,300,-244,39.7729,88,-244,39.7729,112,-236,39.7729,88,-236,39.7729,112,-244,39.7729,152,-244,39.7729,176,-236,39.7729,152,-236,39.7729,176,-244,39.7729,216,-244,39.7729,240,-236,39.7729,216,-236,39.7729,240,-244,39.7729,280,-244,39.7729,304,-236,39.7729,280,-236,39.773,304,78,39.7728,-142,114,39.7728,-142,78,39.7728,-154,114,39.7728,-154,-274,39.7728,18,-238,39.7728,18,-274,39.7728,6,-238,39.7728,6.00002,94,39.7728,418,94,39.7728,382,82,39.7728,418,82,39.7728,382,-76,39.7728,-36,-116,39.7728,-36,-76,39.7728,-24,-116,39.7728,-24],
    "materials":[],
    "metadata":{
        "materials":0,
        "normals":2,
        "faces":25,
        "uvs":1,
        "generator":"io_three",
        "vertices":100,
        "version":3,
        "type":"Geometry"
    },
    "uvs":[[0.2501,0.0001,0.2501,0.2499,0.4999,0.2499,0.4999,0.0001]]
}