{
    "vertices":[-144,-168.227,16,176,-168.227,-144,176,-168.227,147.2,-80,-168.227,-112,176,-168.227,-176,-176,-168.227,144,176,-168.227,176,-96,-168.227,112,144,-168.227,147.2,96,-168.227,-112,80,-168.227,-176,96,-168.227,112,-176,-168.227,16,-176,-168.227,176,-176,-168.227,-16,80,-168.227,-112,176,-168.227,-147.2,80,-168.227,144,-96,-168.227,-112,-80,-168.227,-16,-144,-168.227,144,-80,-168.227,176,80,-168.227,176,-144,-168.227,-16,-96,-168.227,16,80,-168.227,112,176,-168.227,144,-80,-168.227,144,-144,-168.227,-144,-80,-168.227,112,-96,-168.227,-16,144,-168.227,-147.2,80,-168.227,-144,-80,-168.227,16,-176,-168.227,-144,-176,-168.227,144,-80,-168.227,-176,-176,-168.227,-176,-80,-168.227,-144,-176,-168.227,-144,-79.636,-168.613,27.2083,-62.3641,-168.085,27.1948,-79.6359,-168.37,36.8052,-62.364,-167.842,36.7917,-79.636,-168.613,-36.7917,-62.3641,-168.085,-36.8052,-79.6359,-168.37,-27.1948,-62.364,-167.842,-27.2083,62.4772,-168.613,-11.7351,79.7491,-168.085,-11.7486,62.4773,-168.37,-2.13818,79.7492,-167.842,-2.15169,62.4772,-168.613,2.46867,79.7491,-168.085,2.45515,62.4773,-168.37,12.0656,79.7492,-167.842,12.0521],
    "normals":[0,1,0,0,0.999969,0,-0.030549,0.999207,-0.0253],
    "metadata":{
        "type":"Geometry",
        "vertices":56,
        "normals":3,
        "uvs":1,
        "generator":"io_three",
        "version":3,
        "faces":14
    },
    "uvs":[[0.2501,0.0001,0.4999,0.0001,0.4999,0.2499,0.2501,0.2499]],
    "name":"Plane.1742Geometry",
    "faces":[41,21,27,5,13,0,1,2,3,0,1,0,0,41,0,12,35,20,2,3,0,1,0,0,0,0,41,14,23,28,34,0,1,2,3,0,0,0,0,41,38,36,37,39,0,1,2,3,0,0,0,0,41,8,2,16,31,0,1,2,3,0,0,1,0,41,6,26,17,22,0,1,2,3,0,0,0,0,41,1,4,10,32,0,1,2,3,0,1,0,0,41,7,29,33,24,0,1,2,3,0,0,0,0,41,30,19,3,18,0,1,2,3,1,0,1,0,41,25,11,9,15,0,1,2,3,0,0,1,0,41,40,42,43,41,0,1,2,3,2,2,2,2,41,44,46,47,45,0,1,2,3,2,2,2,2,41,48,50,51,49,0,1,2,3,2,2,2,2,41,52,54,55,53,0,1,2,3,2,2,2,2]
}