{
    "metadata":{
        "type":"Geometry",
        "generator":"io_three",
        "uvs":1,
        "vertices":80,
        "version":3,
        "faces":62,
        "normals":69
    },
    "name":"Cylinder.001Geometry.2",
    "uvs":[[0.915751,0.056443,0.915751,0.093819,0.903535,0.093819,0.903535,0.056443,0.891319,0.093819,0.891319,0.056443,0.879102,0.093819,0.879103,0.056443,0.952398,0.056443,0.952399,0.093819,0.940183,0.093819,0.940183,0.056443,0.158458,0.800785,0.177692,0.834099,0.158458,0.867412,0.119991,0.867412,0.100757,0.834099,0.119991,0.800785,0.927967,0.056443,0.927967,0.093819,0.495766,0.197673,0.453178,0.221317,0.446573,0.205513,0.472126,0.191327,0.140311,0.831937,0.112048,0.831937,0.112048,0.818507,0.140311,0.818507,0.112048,0.771506,0.140311,0.771506,0.405741,0.128323,0.465683,0.128811,0.465683,0.251272,0.405741,0.252653,0.465544,0.252617,0.404118,0.25335,0.4046,0.12996,0.465544,0.12996,0.140311,0.954203,0.112048,0.954203,0.49118,0.245373,0.379758,0.245373,0.379701,0.220826,0.49118,0.220826,0.470307,0.250712,0.470307,0.126942,0.49585,0.126942,0.49585,0.250712,0.91262,0.052702,0.91262,0.102035,0.901514,0.102035,0.901514,0.052702,0.890408,0.102035,0.890408,0.052702,0.879303,0.102035,0.879303,0.052702,0.945937,0.052702,0.945937,0.102035,0.934831,0.102035,0.934831,0.052702,0.923725,0.052702,0.923725,0.102035,0.489751,0.241068,0.383632,0.241068,0.383632,0.210114,0.489751,0.210114,0.493727,0.246362,0.379306,0.247266,0.379306,0.221539,0.494766,0.221539,0.383632,0.133506,0.489751,0.133506,0.379701,0.134913,0.49118,0.134913,0.379306,0.131497,0.494766,0.131497,0.40955,0.15652,0.468831,0.156766,0.468073,0.21595,0.408792,0.215705,0.420156,0.221317,0.377568,0.197673,0.401208,0.191327,0.426761,0.205513,0.495405,0.164654,0.47191,0.171515,0.132716,0.129887,0.132716,0.182759,0.059979,0.182759,0.059979,0.129887,0.00342,1.00143,0.000827,0.916213,0.249537,0.913413,0.250476,1.00143,0.224607,0.85184,0.172061,0.860679,0.15141,0.797267,0.207404,0.781794,0.182552,0.885646,0.182552,0.973767,0.07909,0.973767,0.07909,0.885647,0.23351,0.943351,0.178603,0.948692,0.026083,0.854231,0.076396,0.863478,0.071386,0.948693,0.016296,0.943868,0.159163,0.770663,0.159164,0.823536,0.102478,0.823536,0.102478,0.770663,0.040891,0.789567,0.092406,0.801364,-0.001088,0.750193,0.250524,0.750781,0.15925,0.735462,0.061658,0.737391,0.062805,0.642875,0.159167,0.642791,0.033417,0.642799,0.127459,0.641674,0.128043,0.735692,0.030924,0.734972,0.125946,0.73507,0.03143,0.734539,0.030309,0.642692,0.126813,0.637875,0.061262,0.734413,0.158072,0.733329,0.156323,0.640252,0.061778,0.640784,0.111873,0.92714,0.124521,0.92714,0.124521,0.966075,0.111873,0.966075,0.124521,0.808678,0.163457,0.808678,0.163456,0.92714,0.111351,0.808678,0.111351,0.769743,0.124521,0.769743,0.072938,0.927311,0.072416,0.80885,0.176104,0.92714,0.176626,0.808679,0.140311,0.993192,0.112048,0.993192]],
    "vertices":[1.92021,0,0.252,-1.99979,-0,0.252,1.92021,-0.218238,0.126,-1.99979,-0.218239,0.126,1.92021,-0.218238,-0.126,-1.99979,-0.218239,-0.126,1.92021,0,-0.252,-1.99979,-0,-0.252,1.92021,0.218239,-0.126,-1.99979,0.218238,-0.126,1.92021,0.218239,0.126,-1.99979,0.218238,0.126,1.93486,-0.294645,0.290702,1.93486,-0.294645,-0.578587,1.93486,0.294645,0.290702,1.93486,0.294645,-0.578587,1.32149,-0.447508,0.010702,1.32149,0.447509,0.010702,1.65486,-0.294645,-0.578587,1.65486,0.294645,-0.578587,-1.3137,-0.447509,0.010702,-1.3137,0.447508,0.010702,-0.894431,-0.294645,-0.578587,-0.894431,0.294645,-0.578587,-1.97477,-0,0.164091,-5.23077,-1e-06,0.164091,-1.97477,-0.142108,0.082046,-5.23077,-0.142108,0.082045,-1.97477,-0.142108,-0.082046,-5.23077,-0.142108,-0.082047,-1.97477,-0,-0.164092,-5.23077,-1e-06,-0.164092,-1.97477,0.142107,-0.082046,-5.23077,0.142107,-0.082047,-1.97477,0.142107,0.082046,-5.23077,0.142107,0.082045,2.91486,-0.294644,0.290703,2.91486,0.294645,0.290703,2.91486,-0.294645,-0.578587,2.91486,0.294645,-0.578587,3.19486,-0.176786,0.256845,3.19486,0.176787,0.256845,3.19486,-0.176786,-0.264729,3.19486,0.176787,-0.264729,-6.20843,0.338889,-0.173184,-6.20843,-0.338891,-0.173184,-6.20843,0.338889,0.173182,-6.20843,-0.338891,0.173182,-5.63115,0.338889,-0.173184,-5.63115,-0.338891,-0.173184,-5.63115,0.338889,0.173183,-5.63115,-0.338891,0.173183,-5.22426,-0.185674,0.173183,-5.22426,0.185673,0.173183,-5.22426,-0.185674,-0.173184,-5.22426,0.185673,-0.173184,-0.749254,0.235749,-0.979248,-0.749254,-0.235749,-0.979248,-0.749254,0.235749,-0.50775,-0.749254,-0.235749,-0.50775,0.685278,0.235749,-1.1442,0.685278,-0.235749,-1.1442,0.836401,0.235749,-0.50775,0.836401,-0.235749,-0.50775,-0.823476,0.255604,-1.12454,-0.823476,-0.255604,-1.12454,-0.80261,0.255604,-0.959797,-0.80261,-0.255604,-0.959797,0.718685,0.255604,-1.32677,0.718685,-0.255604,-1.32677,0.740412,0.255604,-1.15523,0.740413,-0.255604,-1.15523,-1.88492,0.447509,0.010811,-1.46565,0.294645,-0.578478,-1.88492,-0.447509,0.010811,-1.46565,-0.294645,-0.578478,-1.40135,-0.31006,0.427367,-1.40135,0.310059,0.427367,-1.79712,-0.31006,0.427443,-1.79712,0.310059,0.427443],
    "faces":[41,0,1,3,2,0,1,2,3,0,1,2,3,41,2,3,5,4,3,2,4,5,3,2,4,5,41,4,5,7,6,5,4,6,7,5,4,6,7,41,6,7,9,8,8,9,10,11,7,6,8,9,40,5,3,1,17,12,13,4,2,1,40,1,11,9,13,14,15,1,10,8,40,9,7,5,15,16,17,8,6,4,40,1,9,5,13,15,17,1,8,4,41,1,0,10,11,1,0,18,19,1,0,11,10,41,8,9,11,10,11,10,19,18,9,8,10,11,41,39,37,41,43,20,21,22,23,12,13,14,15,41,18,19,15,13,24,25,26,27,16,17,18,19,41,13,15,39,38,27,26,28,29,19,18,12,20,41,18,16,20,22,30,31,32,33,16,21,22,23,41,23,21,17,19,34,35,36,37,24,25,26,17,41,18,22,23,19,24,38,39,25,16,23,24,17,41,19,17,14,15,40,41,42,43,17,26,27,18,41,20,16,17,21,44,45,46,47,22,21,26,25,41,22,20,74,75,33,32,32,33,23,22,28,29,41,24,25,27,26,48,49,50,51,0,30,3,3,41,26,27,29,28,51,50,52,53,3,3,5,5,41,28,29,31,30,53,52,54,55,5,5,7,7,41,30,31,33,32,56,57,58,59,7,7,9,9,41,34,35,25,24,60,61,49,48,11,11,30,0,41,32,33,35,34,59,58,61,60,9,9,11,11,41,17,16,12,14,62,63,64,65,26,21,31,27,41,16,18,13,12,66,67,68,69,21,16,19,31,41,14,12,36,37,65,64,70,71,27,31,32,13,41,15,14,37,39,43,42,72,73,18,27,13,12,41,12,13,38,36,69,68,74,75,31,19,20,32,41,40,42,43,41,76,77,78,79,33,34,15,14,41,36,38,42,40,80,81,82,83,32,20,34,33,41,38,39,43,42,84,20,23,85,20,12,15,34,41,37,36,40,41,21,80,83,22,13,32,33,14,41,45,47,46,44,86,87,88,89,35,36,37,38,41,47,51,50,46,90,91,92,93,36,39,40,37,41,48,50,53,55,94,95,96,97,41,40,42,43,41,49,45,44,48,98,99,100,101,44,35,38,41,41,44,46,50,48,102,103,95,94,38,37,40,41,41,49,51,47,45,104,105,106,107,44,39,36,35,41,52,54,55,53,108,109,110,111,45,46,43,42,41,51,49,54,52,105,104,112,113,39,44,46,45,41,50,51,52,53,92,91,114,115,40,39,45,42,41,49,48,55,54,98,101,110,109,44,41,43,46,41,57,59,58,56,116,117,118,119,47,48,49,50,41,63,61,60,62,120,121,122,123,51,52,53,54,41,56,58,62,60,124,125,126,127,50,49,54,53,41,61,63,59,57,128,129,130,131,52,51,48,47,41,65,67,66,64,132,133,134,135,55,56,57,58,41,67,71,70,66,133,136,137,138,56,59,60,57,41,71,69,68,70,136,139,140,141,59,61,62,60,41,69,65,64,68,139,132,142,143,61,55,58,62,41,64,66,70,68,144,138,137,145,58,57,60,62,41,69,71,67,65,139,136,133,132,61,59,56,55,41,75,74,72,73,38,146,147,39,29,28,63,64,41,21,23,73,72,35,34,34,35,25,24,64,63,41,23,22,75,73,39,38,38,39,24,23,29,64,41,74,20,76,78,32,32,32,32,28,22,65,66,41,76,77,79,78,44,47,47,44,65,67,68,66,41,21,72,79,77,35,35,35,35,25,63,68,67,41,20,21,77,76,44,47,47,44,22,25,67,65,41,72,74,78,79,147,146,146,147,63,28,66,68],