{
    "uvs":[[0.705904,0.792896,0.093766,0.842685,0.033296,0.2126,0.81778,0.117131,0.46133,0.874959,0.133457,0.636142,0.039327,0.025117,0.77207,0.232606,0.530779,0.942882,0.881498,0.623885,0.968949,0.685006,0.776716,0.985694,0.238503,0.588436,0.665573,0.3814,0.06533,0.073734,0.204274,0.108741,0.826199,0.755938,0.979382,0.253292]],
    "name":"CubeGeometry.2",
    "metadata":{
        "uvs":1,
        "normals":8,
        "type":"Geometry",
        "version":3,
        "faces":6,
        "vertices":8,
        "generator":"io_three"
    },
    "faces":[41,0,1,2,3,0,1,2,3,0,1,2,3,41,4,7,6,5,4,5,6,7,4,5,6,7,41,0,4,5,1,8,4,7,9,0,4,7,1,41,1,5,6,2,10,11,12,13,1,7,6,2,41,2,6,7,3,13,12,14,15,2,6,5,3,41,4,0,3,7,16,0,3,17,4,0,3,5],
    "vertices":[1,-0.369698,-1,1,-0.486712,1,-1,-1,1,-1,0.626536,-1,1,0.04081,-0.999999,0.999999,1,1.85877,-2.10149,1,1,-0.420608,1,-1],
    "normals":[0.539201,-0.539689,-0.646504,0.591479,-0.705557,0.39024,-0.511673,-0.805506,0.298868,-0.537828,-0.455306,-0.709494,0.63567,0.38731,-0.667745,-0.119144,0.571215,-0.812067,-0.829585,0.475295,0.292947,0.484237,0.510056,0.710837],
    "materials": [{
         "colorEmissive": [0,0,0],
         "transparent": false,
         "colorDiffuse": [1,1,1],
         "blending": "NormalBlending",
         "colorSpecular": [0.25,0.25,0.25],
         "opacity": 1,
         "shading": "phong",
         "depthWrite": true,
         "doubleSided": false,
         "wireframe": false,
         "DbgColor": 15658734,
         "specularCoef": 20,
         "visible": true,
         "DbgIndex": 0,
         "depthTest": true,
         "DbgName": "Material.001",
         "mapDiffuse": "chunk.png",
         "mapBump": "chunk.png"
      }]
    }
