{
    "uvs":[[0.234852,0.727064,0.16575,0.868078,0.140708,0.868119,0.166709,0.725461,0.12011,0.983102,0.071331,0.893736,0.02741,0.744896,0.439946,0.771547,0.259048,0.797408,0.278792,0.400035,0.365298,0.396284,0.120375,0.375675,0.154257,0.368576,0.050218,0.336182,0.30122,0.203101,0.325709,0.202844,0.065909,0.159065,0.09064,0.177162,0.323708,0.164173,0.300906,0.173108,0.610965,0.498434,0.610078,0.418712,0.862112,0.496725,0.856871,0.512584,0.654502,0.672067,0.592938,0.709067,0.564173,0.626988,0.629978,0.60977,0.685756,0.735287,0.605162,0.745382,0.869158,0.550044,0.873541,0.555887,0.533827,0.511892,0.52366,0.418712,0.86076,0.53594,0.600815,0.842037,0.461011,0.842037,0.461011,0.817792,0.600815,0.817792,0.600815,0.963259,0.461011,0.963259,0.461011,0.939014,0.600815,0.939014,0.461011,0.91477,0.600815,0.91477,0.461011,0.890526,0.600815,0.890526,0.802796,0.815404,0.7818,0.827526,0.760804,0.815404,0.760804,0.79116,0.7818,0.779037,0.802796,0.79116,0.600815,0.866281,0.461011,0.866281,0.748678,0.972243,0.771751,0.868617,0.810369,0.871471,0.80868,0.9662,0.936372,0.801507,0.868473,0.974044,0.714871,0.964716,0.626882,0.801507,0.353244,0.963661,0.266517,0.92065,0.87646,0.535434,0.88961,0.552963,0.477327,0.608854,0.467211,0.570488]],
    "name":"Cube.001Geometry.2",
    "normals":[0.657063,-0.420972,-0.625294,0.788537,-0.125584,-0.601978,0.901303,-0.156346,0.403974,0.727256,-0.6863,0.007263,0,-0.342723,-0.939421,0,-0.997375,-0.072207,0,-0.07416,-0.997223,0,-0.178198,0.983978,0.876919,0.220252,0.427137,0,0.238044,0.971221,0.77636,0.18189,-0.603442,0,0.115818,-0.993255,0.944334,0.297525,-0.140263,0,0.431318,0.902188,0,0.689627,-0.724143,0,0.894406,0.447188,-0.836024,0.015748,-0.548448,-0.572131,-0.07065,0.817103,-0.410718,0.693869,0.591449,-0.629658,0.647175,-0.42967,0.568896,-0.077242,0.818751,0.380078,-0.738365,0.557054,0.590197,-0.641774,-0.489639,0.834223,0.007324,-0.551317,-0.380078,-0.738365,0.557054,0.418867,0.688803,0.591632,-0.590197,-0.641774,-0.489639,0.638813,0.639241,-0.428053,0,-0.047884,0.99884,0,-0.627918,0.778252,0.673971,-0.627918,0.389111,0.865017,-0.047884,0.499405,0.673971,-0.627918,-0.389111,0.865017,-0.047884,-0.499405,0,-0.627918,-0.778252,0,-0.047884,-0.99884,-0.673971,-0.627918,-0.389111,-0.865017,-0.047884,-0.499405,-0.673971,-0.627918,0.389111,-0.865017,-0.047884,0.499405,0.098972,-0.703604,0.703635,0.076693,-0.79281,0.604602,-0.057924,-0.299081,-0.952452,-0.063082,-0.355968,-0.93234,0.359722,0.93112,0.059938,0.349742,0.598621,0.720603,-0.901303,-0.156346,0.403974,-0.788537,-0.125584,-0.601978,-0.657063,-0.420972,-0.625294,-0.727256,-0.6863,0.007263,-0.876919,0.220252,0.427137,-0.77636,0.18189,-0.603442,-0.944334,0.297525,-0.140263,0.836024,0.015748,-0.548448,0.629658,0.647175,-0.42967,0.410718,0.693869,0.591449,0.572131,-0.07065,0.817103,-0.568896,-0.077242,0.818751,-0.834223,0.007324,-0.551317,-0.418867,0.688803,0.591632,-0.638813,0.639241,-0.428053,-0.098972,-0.703604,0.703635,0.063082,-0.355968,-0.93234,0.057924,-0.299081,-0.952452,-0.076693,-0.79281,0.604602,-0.359722,0.93112,0.059938,-0.349742,0.598621,0.720603],
    "vertices":[1.3979,-1.32404,0.247709,0.977801,-2.25,0.529218,2,-0.25,0.072581,2,-0.25,1,1,5,0.749999,1,5,0.249999,0.337173,7.75,0.499999,4.61385,-0.716396,-0.684675,3.61385,-0.716396,0.441185,4.86385,0.283604,-0.684675,3.36385,0.283604,0.782278,4.11385,-0.716396,0.441185,4.36385,0.283604,0.782278,3.11385,-0.716396,-0.684675,3.82849,-0.711937,0.401961,3.82849,-2.7302,0.305182,4.25868,-0.711937,0.153594,4.17486,-2.7302,0.105205,4.25868,-0.711937,-0.343139,4.17486,-2.7302,-0.294749,3.82849,-0.711937,-0.591506,3.82849,-2.7302,-0.494726,3.39831,-0.711937,-0.343139,3.48212,-2.7302,-0.294749,3.39831,-0.711937,0.153594,3.48212,-2.7302,0.105205,1.83312,-0.162076,-0.051054,2.00413,-0.412076,0.418793,1.50413,1.83792,0.418792,3.08662,-0.162076,-0.598286,3.50763,-0.412076,0.12156,3.50763,0.087924,0.12156,2.86385,0.283604,-0.684675,4.10469,3.7836,-0.034675,3.81385,3.7836,0.165325,4.00469,3.7836,0.165325,3.71385,3.7836,-0.034675,0,-2.25,0.103275,0,-3.25,0.507543,0,-0.25,-0.25,0,-0.25,2.75,-1.3979,-1.32404,0.247709,-0.977801,-2.25,0.529218,-2,-0.25,0.072581,-2,-0.25,1,0,5,1.5,-1,5,0.749999,-1,5,0.249999,0,5.5,-1e-06,0,7.75,0.749999,-0.337173,7.75,0.499999,0,8,0.249999,-4.61385,-0.716396,-0.684675,-3.61385,-0.716396,0.441185,-4.86385,0.283604,-0.684675,-3.36385,0.283604,0.782278,-4.11385,-0.716396,0.441185,-4.36385,0.283604,0.782278,-3.11385,-0.716396,-0.684675,-3.82849,-0.711937,0.401961,-3.82849,-2.7302,0.305182,-4.25868,-0.711937,0.153594,-4.17486,-2.7302,0.105205,-4.25868,-0.711937,-0.343139,-4.17486,-2.7302,-0.294749,-3.82849,-0.711937,-0.591506,-3.82849,-2.7302,-0.494726,-3.39831,-0.711937,-0.343139,-3.48212,-2.7302,-0.294749,-3.39831,-0.711937,0.153594,-3.48212,-2.7302,0.105205,-1.83312,-0.162076,-0.051054,-2.00413,-0.412076,0.418793,-1.50413,1.83792,0.418792,-3.08662,-0.162076,-0.598286,-3.50763,-0.412076,0.12156,-3.50763,0.087924,0.12156,0,9.05033,0.366549,-2.86385,0.283604,-0.684675,-4.10469,3.7836,-0.034675,-3.81385,3.7836,0.165325,-4.00469,3.7836,0.165325,-3.71385,3.7836,-0.034675],
    "metadata":{
        "type":"Geometry",
        "uvs":1,
        "normals":67,
        "generator":"io_three",
        "vertices":83,
        "version":3,
        "faces":70
    },
    "faces":[41,0,2,3,1,2,3,0,1,0,1,2,3,41,37,0,1,38,5,2,1,4,4,0,3,5,41,2,0,37,39,3,2,5,6,1,0,4,6,41,40,3,4,45,7,8,9,10,7,2,8,9,41,2,5,4,3,3,11,12,0,1,10,8,2,41,39,48,5,2,6,13,11,3,6,11,10,1,41,45,4,6,49,10,9,14,15,9,8,12,13,41,5,48,51,6,11,13,16,17,10,11,14,12,40,4,5,6,12,11,17,8,10,12,41,77,49,6,51,18,15,14,19,15,13,12,14,41,32,10,34,36,20,21,22,23,16,17,18,19,41,12,11,7,9,24,25,26,27,20,21,22,23,41,11,12,10,8,25,24,28,29,21,20,17,24,41,10,12,35,34,28,24,30,31,17,20,25,18,41,32,9,7,13,20,27,26,32,16,23,22,26,41,8,10,32,13,33,21,20,32,24,17,16,26,41,9,32,36,33,27,20,23,34,23,16,19,27,41,14,15,17,16,35,36,37,38,28,29,30,31,41,16,17,19,18,39,40,41,42,31,30,32,33,41,18,19,21,20,42,41,43,44,33,32,34,35,41,20,21,23,22,44,43,45,46,35,34,36,37,40,19,17,15,52,47,48,32,30,29,40,15,25,23,48,49,50,29,38,36,40,23,21,19,50,51,52,36,34,32,40,15,23,19,48,50,52,29,36,32,41,24,25,15,14,53,54,36,35,39,38,29,28,41,22,23,25,24,46,45,54,53,37,36,38,39,41,30,27,26,29,55,56,57,58,40,41,42,43,41,28,31,29,26,59,60,58,57,44,45,43,42,41,30,31,28,27,55,61,62,56,40,45,44,41,40,3,38,1,8,63,64,2,5,3,40,3,40,38,8,7,63,2,7,5,41,12,9,33,35,24,27,34,30,20,23,27,25,41,33,36,34,35,65,66,31,30,27,19,18,25,41,13,7,11,8,32,26,67,68,26,22,21,24,41,44,43,41,42,0,3,2,1,46,47,48,49,41,42,41,37,38,1,2,5,4,49,48,4,5,41,37,41,43,39,5,2,3,6,4,48,47,6,41,40,45,46,44,7,10,9,8,7,9,50,46,41,43,44,46,47,3,0,12,11,47,46,50,51,41,39,43,47,48,6,3,11,13,6,47,51,11,41,45,49,50,46,10,15,14,9,9,13,52,50,41,47,50,51,48,11,17,16,13,51,52,14,11,40,46,50,47,12,17,11,50,52,51,41,77,51,50,49,18,19,14,15,15,14,52,13,41,78,82,80,55,20,23,22,21,53,54,55,56,41,57,54,52,56,24,27,26,25,57,58,26,24,41,56,53,55,57,25,29,28,24,24,21,56,57,41,55,80,81,57,28,31,30,24,56,55,59,57,41,78,58,52,54,20,32,26,27,53,22,26,58,41,53,58,78,55,33,32,20,21,21,22,53,56,41,54,79,82,78,27,34,23,20,58,60,54,53,41,59,61,62,60,35,38,37,36,28,39,38,29,41,61,63,64,62,39,42,41,40,39,37,36,38,41,63,65,66,64,42,44,43,41,37,35,34,36,41,65,67,68,66,44,46,45,43,35,33,32,34,40,60,62,64,48,47,52,29,38,36,40,64,66,68,52,51,50,36,34,32,40,68,70,60,50,49,48,32,30,29,40,64,68,60,52,50,48,36,32,29,41,69,59,60,70,53,35,36,54,31,28,29,30,41,67,69,70,68,46,53,54,45,33,31,30,32,41,75,74,71,72,55,58,57,56,61,62,63,64,41,73,71,74,76,59,57,58,60,65,63,62,66,41,75,72,73,76,55,56,62,61,61,64,65,66,40,44,42,38,8,64,63,46,49,5,40,44,38,40,8,63,7,46,5,7,41,57,81,79,54,24,30,34,27,57,59,60,58,41,79,81,80,82,65,30,31,66,60,59,55,54,41,58,53,56,52,32,68,67,26,22,21,24,26],
    "materials": [{
         "colorEmissive": [0,0,0],
         "transparent": false,
         "colorDiffuse": [0.5,0.5,0.5],
         "blending": "NormalBlending",