{
    "name":"Cube.001Geometry.3",
    "vertices":[0.736615,-1.5,1.92978,1.3979,-2.57404,0.247709,0.977801,-3.5,0.529218,2,-1.5,0.072581,2,-1.5,0.75,1.545,1.57345,0.462728,4.61385,-1.9664,-0.684675,3.61385,-1.9664,0.441185,4.86385,-0.966396,-0.684675,3.36385,-0.966396,0.782278,4.11385,-1.9664,0.441185,4.36385,-0.966396,0.782278,3.11385,-1.9664,-0.684675,3.82849,-1.96194,0.401961,3.82849,-3.9802,0.305182,4.25868,-1.96194,0.153594,4.17486,-3.9802,0.105205,4.25868,-1.96194,-0.343139,4.17486,-3.9802,-0.294749,3.82849,-1.96194,-0.591506,3.82849,-3.9802,-0.494726,3.39831,-1.96194,-0.343139,3.48212,-3.9802,-0.294749,3.39831,-1.96194,0.153594,3.48212,-3.9802,0.105205,1.83312,-1.41208,-0.051054,2.00413,-1.66208,0.418793,1.50413,0.587924,0.418792,3.08662,-1.41208,-0.598286,3.50763,-1.66208,0.12156,3.50763,-1.16208,0.12156,2.86385,-0.966396,-0.684675,4.10469,2.5336,-0.034675,3.81385,2.5336,0.165325,4.00469,2.5336,0.165325,3.71385,2.5336,-0.034675,0,-4.5,0.507543,0,-1.5,-0.25,-0.736615,-1.5,1.92978,-1.3979,-2.57404,0.247709,-0.977801,-3.5,0.529218,-2,-1.5,0.072581,-2,-1.5,0.75,-0.6,1.57345,1.52028,-1.575,1.57345,0.462728,-0.015,1.57345,-0.34482,-4.61385,-1.9664,-0.684675,-3.61385,-1.9664,0.441185,-4.86385,-0.966396,-0.684675,-3.36385,-0.966396,0.782278,-4.11385,-1.9664,0.441185,-4.36385,-0.966396,0.782278,-3.11385,-1.9664,-0.684675,-3.82849,-1.96194,0.401961,-3.82849,-3.9802,0.305182,-4.25868,-1.96194,0.153594,-4.17486,-3.9802,0.105205,-4.25868,-1.96194,-0.343139,-4.17486,-3.9802,-0.294749,-3.82849,-1.96194,-0.591506,-3.82849,-3.9802,-0.494726,-3.39831,-1.96194,-0.343139,-3.48212,-3.9802,-0.294749,-3.39831,-1.96194,0.153594,-3.48212,-3.9802,0.105205,-1.83312,-1.41208,-0.051054,-2.00413,-1.66208,0.418793,-1.50413,0.587924,0.418792,-3.08662,-1.41208,-0.598286,-3.50763,-1.66208,0.12156,-3.50763,-1.16208,0.12156,-2.86385,-0.966396,-0.684675,-4.10469,2.5336,-0.034675,-3.81385,2.5336,0.165325,-4.00469,2.5336,0.165325,-3.71385,2.5336,-0.034675,0.6,1.57345,1.52028,0.17,6.27154,0.573018,0.45,6.27154,0.324542,0.03,6.27154,0.076066,-0.17,6.27154,0.573018,-0.45,6.27154,0.324542,-0.727924,-2.65309,1.1688,-1.65348,-1.5,1.11261,-0.865184,-2.99799,0.714726,-0.177407,-4.04393,0.643984,0.727924,-2.65309,1.1688,1.65348,-1.5,1.11261,0.865184,-2.99799,0.714726,0.177407,-4.04393,0.643984],
    "normals":[0.959929,-0.167058,0.224921,0.721244,-0.690725,-0.051607,0.630696,-0.437147,-0.641163,0.629292,-0.14774,-0.762993,0.000244,-0.146092,-0.989257,0,-0.999725,-0.022614,-0.836024,0.015748,-0.548448,-0.572131,-0.07065,0.817103,-0.410718,0.693869,0.591449,-0.629658,0.647175,-0.42967,0.568896,-0.077242,0.818751,0.380078,-0.738365,0.557054,0.590197,-0.641774,-0.489639,0.834223,0.007324,-0.551317,-0.380078,-0.738365,0.557054,0.418867,0.688803,0.591632,-0.590197,-0.641774,-0.489639,0.638813,0.639241,-0.428053,0,-0.047884,0.99884,0,-0.627918,0.778252,0.673971,-0.627918,0.389111,0.865017,-0.047884,0.499405,0.673971,-0.627918,-0.389111,0.865017,-0.047884,-0.499405,0,-0.627918,-0.778252,0,-0.047884,-0.99884,-0.673971,-0.627918,-0.389111,-0.865017,-0.047884,-0.499405,-0.673971,-0.627918,0.389111,-0.865017,-0.047884,0.499405,0.098972,-0.703604,0.703635,0.076693,-0.79281,0.604602,-0.057924,-0.299081,-0.952452,-0.063082,-0.355968,-0.93234,0.359722,0.93112,0.059938,0.349742,0.598621,0.720603,0.386364,0.180212,0.904538,0.370312,-0.155705,0.915738,0.96881,0.232246,-0.086032,0.000702,0.111209,-0.993774,-0.9588,-0.17008,0.227393,-0.628468,-0.150243,-0.763146,-0.630696,-0.437147,-0.641163,-0.721244,-0.690725,-0.051607,0.836024,0.015748,-0.548448,0.629658,0.647175,-0.42967,0.410718,0.693869,0.591449,0.572131,-0.07065,0.817103,-0.568896,-0.077242,0.818751,-0.834223,0.007324,-0.551317,-0.418867,0.688803,0.591632,-0.638813,0.639241,-0.428053,-0.098972,-0.703604,0.703635,0.063082,-0.355968,-0.93234,0.057924,-0.299081,-0.952452,-0.076693,-0.79281,0.604602,-0.359722,0.93112,0.059938,-0.349742,0.598621,0.720603,-0.368664,-0.156468,0.916257,-0.382305,0.179449,0.90643,-0.968993,0.232398,-0.083499,-0.76101,0.630177,-0.153905,0.007416,0.643147,-0.765679,0.274483,0.718192,0.639393,0.75753,0.635121,-0.150822,-0.270791,0.717704,0.641499,-0.613819,-0.474013,0.631275,-0.549455,-0.42317,0.720389,-0.561602,-0.435041,0.703757,-0.480667,-0.40791,0.776208,0.613819,-0.474013,0.631275,0.480667,-0.40791,0.776208,0.561602,-0.435041,0.703757,0.549455,-0.42317,0.720389],
    "faces":[41,4,2,1,3,0,1,2,3,0,1,2,3,41,37,1,2,36,4,2,1,5,4,2,1,5,40,3,1,37,3,2,4,3,2,4,41,31,9,33,35,6,7,8,9,6,7,8,9,41,11,10,6,8,10,11,12,13,10,11,12,13,41,10,11,9,7,14,10,15,16,11,10,7,14,41,9,11,34,33,7,17,18,8,7,10,15,8,41,31,8,6,12,19,13,20,21,6,13,12,16,41,7,9,31,12,22,15,23,24,14,7,6,16,41,8,31,35,32,13,19,25,26,13,6,9,17,41,13,14,16,15,27,28,29,30,18,19,20,21,41,15,16,18,17,31,32,33,34,21,20,22,23,41,17,18,20,19,34,33,35,36,23,22,24,25,41,19,20,22,21,36,35,37,38,25,24,26,27,40,18,16,14,44,39,40,22,20,19,40,14,24,22,40,41,42,19,28,26,40,22,20,18,42,43,44,26,24,22,40,14,22,18,40,42,44,19,26,22,41,23,24,14,13,45,46,28,27,29,28,19,18,41,21,22,24,23,38,37,46,45,27,26,28,29,41,29,26,25,28,47,48,49,50,30,31,32,33,41,27,30,28,25,51,52,50,49,34,35,33,32,41,29,30,27,26,47,53,54,48,30,35,34,31,41,11,8,32,34,17,55,56,18,10,13,17,15,41,32,35,33,34,57,58,59,60,17,9,8,15,41,12,6,10,7,61,62,14,16,16,12,11,14,41,76,0,4,5,65,66,63,64,36,37,0,38,41,3,45,5,4,3,67,68,0,3,39,38,0,40,37,45,3,4,67,3,4,39,3,41,42,41,39,40,69,70,71,72,40,41,42,43,41,37,36,40,39,73,74,72,71,4,5,43,42,40,37,39,41,73,71,70,4,42,41,41,71,75,73,49,75,76,77,78,44,45,46,47,41,51,48,46,50,79,80,81,82,48,49,16,14,41,50,47,49,51,83,84,85,79,14,11,47,48,41,49,73,74,51,78,77,86,87,47,46,50,48,41,71,52,46,48,88,89,90,80,44,12,16,49,41,47,52,71,49,91,92,93,85,11,12,44,47,41,48,72,75,71,80,94,95,88,49,51,45,44,41,53,55,56,54,96,97,98,99,18,29,28,19,41,55,57,58,56,100,101,102,103,29,27,26,28,41,57,59,60,58,101,104,105,102,27,25,24,26,41,59,61,62,60,104,106,107,105,25,23,22,24,40,54,56,58,113,108,109,19,28,26,40,58,60,62,109,110,111,26,24,22,40,62,64,54,111,112,113,22,20,19,40,58,62,54,109,111,113,26,22,19,41,63,53,54,64,114,96,99,115,21,18,19,20,41,61,63,64,62,106,114,115,107,23,21,20,22,41,69,68,65,66,116,117,118,119,52,53,54,55,41,67,65,68,70,120,118,117,121,56,54,53,57,41,69,66,67,70,116,119,122,123,52,55,56,57,41,51,74,72,48,87,86,124,125,48,50,51,49,41,72,74,73,75,126,127,128,129,51,50,46,45,41,52,47,50,46,130,84,83,131,12,11,14,16,41,42,38,43,44,132,133,134,135,40,58,59,60,41,41,42,44,45,70,69,136,137,41,40,60,39,40,37,41,45,73,70,137,4,41,39,41,38,0,76,43,140,141,138,139,58,37,36,59,40,36,0,38,142,143,144,5,37,58,41,45,44,81,79,137,136,136,137,39,60,61,62,40,77,78,79,149,145,146,63,64,62,40,79,81,80,146,147,148,62,61,65,40,79,80,77,146,148,149,62,65,63,41,5,45,79,78,68,67,67,68,38,39,62,64,41,43,76,77,80,150,151,152,153,59,36,63,65,41,44,43,80,81,154,150,153,155,60,59,65,61,41,76,5,78,77,151,156,157,152,36,38,64,63,41,82,83,84,85,158,159,160,161,66,67,68,69,41,42,40,84,83,162,163,164,165,40,43,68,67,41,40,36,85,84,163,166,167,164,43,5,69,68,41,86,89,88,87,168,169,170,171,70,71,72,73,41,2,4,87,88,172,173,174,175,1,0,73,72,41,36,2,88,89,176,172,175,177,5,1,72,71,40,82,38,83,178,179,180,66,58,67,40,0,86,87,181,182,183,37,70,73,41,36,38,82,85,184,185,186,187,5,58,66,69,41,86,0,36,89,190,191,188,189,70,37,5,71],
    "metadata":{
        "type":"Geometry",
        "version":3,
        "vertices":90,
        "normals":74,
        "generator":"io_three",
        "faces":78,
        "uvs":1
    },