{
    "metadata":{
        "version":3,
        "normals":61,
        "generator":"io_three",
        "vertices":212,
        "type":"Geometry",
        "uvs":1,
        "faces":218
    },
    "normals":[-0.270363,0,-0.962737,0.332072,0,-0.943236,0.37843,0.801599,-0.462783,-0.270363,0.833766,-0.481368,0.354076,0.816279,0.456374,-0.270363,0.833766,0.481368,0.37843,0,0.925596,-0.270363,0,0.962737,0.355327,-0.816645,0.454756,-0.270363,-0.833766,0.481368,0.26072,0,-0.965392,0.26072,0.836055,-0.482681,-0.270363,-0.833766,-0.481368,0.37843,-0.801599,-0.462783,-0.216712,-0.845424,0.488113,-0.216712,0,0.976226,0.26072,-0.836055,-0.482681,0.26072,-0.836055,0.482681,-0.288278,-0.829249,0.478744,-0.288278,-0.829249,-0.478744,0.26072,0.836055,0.482681,0.26072,0,0.965392,-0.288278,0,0.957518,-0.795312,0,0.606159,-0.795312,-0.524949,0.303079,-0.288278,0.829249,0.478744,-0.288278,0,-0.957518,-0.288278,0.829249,-0.478744,-0.216712,0.845424,0.488113,-0.216712,0.845424,-0.488113,-0.216712,-0.845424,-0.488113,-0.216712,0,-0.976226,0.621113,-0.678701,-0.391827,0.621113,0,-0.783685,0.621113,0.678701,-0.391827,0.621113,0.678701,0.391827,0.621113,0,0.783685,0.621113,-0.678701,0.391827,-0.795312,0.524949,0.303079,-0.795312,0.524949,-0.303079,-0.795312,0,-0.606159,-0.795312,-0.524949,-0.303079,0.789727,-0.193976,0.581957,0.282113,0.887509,0.364269,0.598437,0.358257,-0.716544,0.306375,-0.887967,0.342936,0.621113,-0.319529,-0.715598,0.813837,0.174535,0.554216,0.720695,0.683798,-0.113956,0.720695,-0.683798,-0.113956,0.332194,0,-0.943175,0.306345,-0.887967,0.342967,0.306345,-0.887967,0.342936,-0.577349,0.577349,-0.577349,-0.577349,-0.577349,-0.577349,-0.577349,-0.577349,0.577349,-0.577349,0.577349,0.577349,0.577349,-0.577349,-0.577349,0.577349,-0.577349,0.577349,0.577349,0.577349,-0.577349,0.577349,0.577349,0.577349],
    "vertices":[0.8617,0.5,0.195357,-1.0527,0.5,0.198591,0.8617,0.726858,0.326334,-1.0527,0.724059,0.327951,0.8617,0.726858,0.588288,-1.0527,0.724059,0.586671,0.8617,0.5,0.719265,-1.0527,0.5,0.716031,0.8617,0.273141,0.588288,-1.0527,0.275942,0.586671,0.8617,0.273141,0.326334,-1.0527,0.275942,0.327951,-1.1827,0.817251,0.274146,-1.1827,0.5,0.090981,-1.1827,0.817251,0.640476,-1.1827,0.5,0.82364,-1.1827,0.18275,0.640476,-1.1827,0.18275,0.274146,-1.7127,0.769895,0.301487,-1.7127,0.500001,0.145664,-1.7127,0.769895,0.613134,-1.7127,0.500001,0.768958,-1.7127,0.230106,0.613134,-1.7127,0.230106,0.301487,1.0917,0.5,0.069231,1.0917,0.836087,0.263271,1.0917,0.836087,0.651351,1.0917,0.5,0.845391,1.0917,0.163913,0.651351,1.0917,0.163913,0.263271,1.5817,0.499999,0.083785,1.5817,0.823483,0.270548,1.5817,0.823483,0.644075,1.5817,0.499999,0.830838,1.5817,0.176516,0.644075,1.5817,0.176516,0.270548,-2.0127,0.621453,0.38719,-2.0127,0.500001,0.31707,-2.0127,0.621453,0.527432,-2.0127,0.500001,0.597552,-2.0127,0.378548,0.527431,-2.0127,0.378548,0.38719,-0.452699,0.624059,0.586671,-0.452699,1.22406,0.786671,-0.452699,0.624059,0.486671,-0.453527,0.424993,0.592882,-0.447,-0.180903,0.774118,-0.45757,0.428086,0.493012,-0.452699,0.400001,0.398591,-0.452699,0.600001,0.398591,-0.452699,0.500001,-0.201409,0.8617,-0.5,0.195357,-1.0527,-0.499999,0.198591,0.8617,-0.273142,0.326334,-1.0527,-0.275941,0.327951,0.8617,-0.273142,0.588288,-1.0527,-0.275941,0.586671,0.8617,-0.5,0.719265,-1.0527,-0.499999,0.716031,0.8617,-0.726859,0.588288,-1.0527,-0.724057,0.586671,0.8617,-0.726859,0.326334,-1.0527,-0.724057,0.327951,-1.1827,-0.182749,0.274146,-1.1827,-0.499999,0.090981,-1.1827,-0.182749,0.640476,-1.1827,-0.5,0.82364,-1.1827,-0.81725,0.640476,-1.1827,-0.81725,0.274146,-1.7127,-0.230105,0.301487,-1.7127,-0.499999,0.145664,-1.7127,-0.230105,0.613134,-1.7127,-0.499999,0.768958,-1.7127,-0.769894,0.613134,-1.7127,-0.769894,0.301487,1.0917,-0.5,0.069231,1.0917,-0.163913,0.263271,1.0917,-0.163913,0.651351,1.0917,-0.5,0.845391,1.0917,-0.836087,0.651351,1.0917,-0.836087,0.263271,1.5817,-0.500001,0.083785,1.5817,-0.176517,0.270548,1.5817,-0.176517,0.644075,1.5817,-0.500001,0.830838,1.5817,-0.823484,0.644075,1.5817,-0.823484,0.270548,-2.0127,-0.378547,0.38719,-2.0127,-0.499999,0.31707,-2.0127,-0.378547,0.527432,-2.0127,-0.499999,0.597552,-2.0127,-0.621452,0.527431,-2.0127,-0.621452,0.38719,-0.452699,-0.375941,0.586671,-0.452699,0.224059,0.786671,-0.452699,-0.375941,0.486671,-0.453527,-0.575006,0.592882,-0.447001,-1.1809,0.774118,-0.45757,-0.571914,0.493012,-0.452699,-0.599999,0.398591,-0.452699,-0.399999,0.398591,-0.452699,-0.499999,-0.201409,0.8617,0.5,-0.704642,-1.0527,0.5,-0.701409,0.8617,0.726858,-0.573666,-1.0527,0.724059,-0.572049,0.8617,0.726858,-0.311712,-1.0527,0.724059,-0.313329,0.8617,0.5,-0.180735,-1.0527,0.5,-0.183969,0.8617,0.273141,-0.311712,-1.0527,0.275942,-0.313329,0.8617,0.273141,-0.573666,-1.0527,0.275942,-0.572049,-1.1827,0.817251,-0.625854,-1.1827,0.5,-0.809019,-1.1827,0.817251,-0.259524,-1.1827,0.5,-0.076359,-1.1827,0.18275,-0.259524,-1.1827,0.18275,-0.625854,-1.7127,0.769895,-0.598513,-1.7127,0.500001,-0.754336,-1.7127,0.769895,-0.286866,-1.7127,0.500001,-0.131042,-1.7127,0.230106,-0.286866,-1.7127,0.230106,-0.598513,1.0917,0.5,-0.830769,1.0917,0.836087,-0.636728,1.0917,0.836087,-0.248649,1.0917,0.5,-0.054609,1.0917,0.163913,-0.248649,1.0917,0.163913,-0.636729,1.5817,0.499999,-0.816215,1.5817,0.823483,-0.629452,1.5817,0.823483,-0.255925,1.5817,0.499999,-0.069162,1.5817,0.176516,-0.255925,1.5817,0.176516,-0.629452,-2.0127,0.621453,-0.51281,-2.0127,0.500001,-0.58293,-2.0127,0.621453,-0.372568,-2.0127,0.500001,-0.302448,-2.0127,0.378548,-0.372569,-2.0127,0.378548,-0.51281,-0.452699,0.624059,-0.313329,-0.452699,1.22406,-0.113329,-0.452699,0.624059,-0.413329,-0.453527,0.424993,-0.307118,-0.447001,-0.180903,-0.125882,-0.45757,0.428086,-0.406988,-0.452699,0.400001,-0.501409,-0.452699,0.600001,-0.501409,-0.452699,0.500001,-1.10141,0.8617,-0.5,-0.704642,-1.0527,-0.499999,-0.701409,0.8617,-0.273142,-0.573666,-1.0527,-0.275941,-0.572049,0.8617,-0.273142,-0.311712,-1.0527,-0.275941,-0.313329,0.8617,-0.5,-0.180735,-1.0527,-0.499999,-0.183969,0.8617,-0.726859,-0.311712,-1.0527,-0.724057,-0.313329,0.8617,-0.726859,-0.573666,-1.0527,-0.724057,-0.572049,-1.1827,-0.182749,-0.625854,-1.1827,-0.499999,-0.809019,-1.1827,-0.182749,-0.259524,-1.1827,-0.5,-0.07636,-1.1827,-0.81725,-0.259524,-1.1827,-0.81725,-0.625854,-1.7127,-0.230105,-0.598513,-1.7127,-0.499999,-0.754336,-1.7127,-0.230105,-0.286866,-1.7127,-0.499999,-0.131042,-1.7127,-0.769894,-0.286866,-1.7127,-0.769894,-0.598513,1.0917,-0.5,-0.830769,1.0917,-0.163913,-0.636728,1.0917,-0.163913,-0.248649,1.0917,-0.5,-0.054609,1.0917,-0.836087,-0.248649,1.0917,-0.836087,-0.636729,1.5817,-0.500001,-0.816215,1.5817,-0.176517,-0.629452,1.5817,-0.176517,-0.255925,1.5817,-0.500001,-0.069162,1.5817,-0.823484,-0.255925,1.5817,-0.823484,-0.629452,-2.0127,-0.378547,-0.51281,-2.0127,-0.499999,-0.58293,-2.0127,-0.378547,-0.372568,-2.0127,-0.499999,-0.302448,-2.0127,-0.621452,-0.372569,-2.0127,-0.621452,-0.51281,-0.452699,-0.375941,-0.313329,-0.452699,0.224059,-0.113329,-0.452699,-0.375941,-0.413329,-0.453527,-0.575006,-0.307118,-0.447,-1.1809,-0.125882,-0.45757,-0.571914,-0.406988,-0.452699,-0.599999,-0.501409,-0.452699,-0.399999,-0.501409,-0.452699,-0.499999,-1.10141,-0.149697,0.794909,0.835781,-0.149698,0.794909,-0.776219,-0.149697,-0.817091,0.835781,-0.149698,-0.817091,-0.776219,0.562303,0.794909,0.835781,0.562302,0.794909,-0.776219,0.562302,-0.817091,0.835781,0.562302,-0.817091,-0.776219],
    "name":"CylinderGeometry",