{
    "normals":[-0.270363,0.962737,0,0.332072,0.943236,0,0.37843,0.462783,0.801599,-0.270363,0.481368,0.833766,0.354076,-0.456374,0.816279,-0.270363,-0.481368,0.833766,0.37843,-0.925596,0,-0.270363,-0.962737,0,0.355327,-0.454756,-0.816645,-0.270363,-0.481368,-0.833766,0.26072,0.965392,0,0.26072,0.482681,0.836055,-0.270363,0.481368,-0.833766,0.37843,0.462783,-0.801599,-0.216712,-0.488113,-0.845424,-0.216712,-0.976226,0,0.26072,0.482681,-0.836055,0.26072,-0.482681,-0.836055,-0.288278,-0.478744,-0.829249,-0.288278,0.478744,-0.829249,0.26072,-0.482681,0.836055,0.26072,-0.965392,0,-0.288278,-0.957518,0,-0.795312,-0.606159,0,-0.795312,-0.303079,-0.524949,-0.288278,-0.478744,0.829249,-0.288278,0.957518,0,-0.288278,0.478744,0.829249,-0.216712,-0.488113,0.845424,-0.216712,0.488113,0.845424,-0.216712,0.488113,-0.845424,-0.216712,0.976226,0,0.621113,0.391827,-0.678701,0.621113,0.783685,0,0.621113,0.391827,0.678701,0.621113,-0.391827,0.678701,0.621113,-0.783685,0,0.621113,-0.391827,-0.678701,-0.795312,-0.303079,0.524949,-0.795312,0.303079,0.524949,-0.795312,0.606159,0,-0.795312,0.303079,-0.524949,0.789727,-0.581957,-0.193976,0.282113,-0.364269,0.887509,0.598437,0.716544,0.358257,0.306375,-0.342936,-0.887967,0.621113,0.715598,-0.319529,0.813837,-0.554216,0.174535,0.720695,0.113956,0.683798,0.720695,0.113956,-0.683798,0.332194,0.943175,0,0.789727,-0.581927,-0.193976,-0.577349,0.577349,0.577349,-0.577349,0.577349,-0.577349,-0.577349,-0.577349,-0.577349,-0.577349,-0.577349,0.577349,0.577349,0.577349,-0.577349,0.577349,-0.577349,-0.577349,0.577349,0.577349,0.577349,0.577349,-0.577349,0.577349],
    "faces":[41,0,1,3,2,0,1,2,3,0,1,2,3,41,2,3,5,4,3,2,4,5,3,2,4,5,41,4,5,7,6,5,4,6,7,5,4,6,7,41,6,7,9,8,8,9,10,11,7,6,8,9,41,3,1,13,12,12,13,14,15,2,1,10,11,41,1,0,10,11,1,0,16,17,1,0,12,13,41,8,9,11,10,11,10,17,16,9,8,13,12,41,6,8,28,27,18,19,20,21,7,9,14,15,41,17,16,22,23,22,23,24,25,16,17,18,19,41,7,5,14,15,26,27,28,29,6,4,20,21,41,1,11,17,13,30,31,32,14,1,13,16,10,41,9,7,15,16,33,34,35,36,8,6,21,17,41,5,3,12,14,37,38,15,28,4,2,11,20,41,11,9,16,17,39,40,36,32,13,8,17,16,41,22,21,39,40,41,42,43,44,18,22,23,24,41,15,14,20,21,45,46,47,48,21,20,25,22,41,12,13,19,18,49,50,51,52,11,10,26,27,41,13,17,23,19,53,54,55,56,10,16,19,26,41,16,15,21,22,57,58,59,60,17,21,22,18,41,14,12,18,20,61,62,63,64,20,11,27,25,41,2,4,26,25,65,66,67,68,3,5,28,29,41,8,10,29,28,69,70,71,20,9,12,30,14,41,0,2,25,24,72,73,74,75,0,3,29,31,41,4,6,27,26,76,77,78,67,5,7,15,28,41,10,0,24,29,79,80,81,71,12,0,31,30,40,35,30,31,87,82,83,32,33,34,40,31,32,33,83,84,85,34,35,36,40,33,34,35,85,86,87,36,37,32,40,31,33,35,83,85,87,34,36,32,41,26,27,33,32,88,89,90,91,28,15,36,35,41,24,25,31,30,92,93,94,95,31,29,34,33,41,29,24,30,35,96,92,95,97,30,31,33,32,41,27,28,34,33,98,99,100,101,15,14,37,36,41,29,35,34,28,96,97,100,99,30,32,37,14,41,26,32,31,25,88,91,94,93,28,35,34,29,40,38,36,37,107,102,103,38,39,40,40,37,41,40,103,104,105,40,41,24,40,40,39,38,105,106,107,24,23,38,40,37,40,38,103,105,107,40,24,38,41,20,18,36,38,108,109,110,107,25,27,39,38,41,23,22,40,41,111,41,44,112,19,18,24,41,41,21,20,38,39,113,108,107,106,22,25,38,23,41,18,19,37,36,109,114,115,110,27,26,40,39,41,19,23,41,37,114,111,112,115,26,19,41,40,40,42,43,5,116,117,118,42,43,4,40,43,42,44,119,120,121,43,42,44,40,43,44,5,117,122,118,43,44,4,40,46,47,45,123,124,125,45,46,47,40,9,47,46,126,127,128,8,46,45,40,46,45,9,129,130,131,45,47,8,40,49,48,50,132,133,134,48,49,50,40,49,50,1,135,136,137,48,50,1,40,48,1,50,138,137,136,49,1,50,41,51,52,54,53,0,1,2,3,0,1,2,3,41,53,54,56,55,3,2,4,5,3,2,4,5,41,55,56,58,57,5,4,6,7,5,4,6,7,41,57,58,60,59,8,9,10,11,7,6,8,9,41,54,52,64,63,12,13,14,15,2,1,10,11,41,61,62,52,51,16,17,1,0,12,13,1,0,41,59,60,62,61,11,10,17,16,9,8,13,12,41,57,59,79,78,18,19,20,21,7,9,14,15,41,68,67,73,74,22,23,24,25,16,17,18,19,41,58,56,65,66,26,27,28,29,6,4,20,21,41,52,62,68,64,30,31,32,14,1,13,16,10,41,60,58,66,67,33,34,35,36,8,6,21,17,41,56,54,63,65,37,38,15,28,4,2,11,20,41,62,60,67,68,39,40,36,32,13,8,17,16,41,73,72,90,91,41,42,43,44,18,22,23,24,41,66,65,71,72,45,46,47,48,21,20,25,22,41,63,64,70,69,49,50,51,52,11,10,26,27,41,64,68,74,70,53,54,55,56,10,16,19,26,41,67,66,72,73,57,58,59,60,17,21,22,18,41,65,63,69,71,61,62,63,64,20,11,27,25,41,53,55,77,76,65,66,67,68,3,5,28,29,41,59,61,80,79,69,70,71,20,9,12,30,14,41,51,53,76,75,72,73,74,75,0,3,29,31,41,55,57,78,77,76,77,78,67,5,7,15,28,41,61,51,75,80,79,80,81,71,12,0,31,30,40,86,81,82,87,82,83,32,33,34,40,82,83,84,83,84,85,34,35,36,40,84,85,86,85,86,87,36,37,32,40,82,84,86,83,85,87,34,36,32,41,77,78,84,83,88,89,90,91,28,15,36,35,41,75,76,82,81,92,93,94,95,31,29,34,33,41,80,75,81,86,96,92,95,97,30,31,33,32,41,78,79,85,84,98,99,100,101,15,14,37,36,41,80,86,85,79,96,97,100,99,30,32,37,14,41,77,83,82,76,88,91,94,93,28,35,34,29,40,89,87,88,107,102,103,38,39,40,40,88,92,91,103,104,105,40,41,24,40,91,90,89,105,106,107,24,23,38,40,88,91,89,103,105,107,40,24,38,41,71,69,87,89,108,109,110,107,25,27,39,38,41,74,73,91,92,111,41,44,112,19,18,24,41,41,72,71,89,90,113,108,107,106,22,25,38,23,41,69,70,88,87,109,114,115,110,27,26,40,39,41,70,74,92,88,114,111,112,115,26,19,41,40,40,93,94,56,116,117,118,42,43,4,40,94,93,95,119,120,121,43,42,44,40,94,95,56,117,122,118,43,44,4,40,97,98,96,123,124,125,45,46,47,40,60,98,97,126,127,128,8,46,45,40,97,96,60,129,130,131,45,47,8,40,100,99,101,132,133,134,48,49,50,40,100,101,52,135,136,137,48,50,1,40,99,52,101,138,137,136,49,1,50,41,102,103,105,104,0,1,2,3,0,1,2,3,41,104,105,107,106,3,2,4,5,3,2,4,5,41,106,107,109,108,5,4,6,7,5,4,6,7,41,108,109,111,110,8,9,10,11,7,6,8,9,41,105,103,115,114,12,13,14,15,2,1,10,11,41,112,113,103,102,16,17,1,0,12,13,1,0,41,110,111,113,112,11,10,17,16,9,8,13,12,41,108,110,130,129,18,19,20,21,7,9,14,15,41,119,118,124,125,22,23,24,25,16,17,18,19,41,109,107,116,117,26,27,28,29,6,4,20,21,41,103,113,119,115,30,31,32,14,1,13,16,10,41,111,109,117,118,33,34,35,36,8,6,21,17,41,107,105,114,116,37,38,15,28,4,2,11,20,41,113,111,118,119,39,40,36,32,13,8,17,16,41,124,123,141,142,41,42,43,44,18,22,23,24,41,117,116,122,123,45,46,47,48,21,20,25,22,41,114,115,121,120,49,50,51,52,11,10,26,27,41,115,119,125,121,53,54,55,56,10,16,19,26,41,118,117,123,124,57,58,59,60,17,21,22,18,41,116,114,120,122,61,62,63,64,20,11,27,25,41,104,106,128,127,65,66,67,68,3,5,28,29,41,110,112,131,130,69,70,71,20,9,12,30,14,41,102,104,127,126,72,73,74,75,0,3,29,31,41,106,108,129,128,76,77,78,67,5,7,15,28,41,112,102,126,131,79,80,81,71,12,0,31,30,40,137,132,133,87,82,83,32,33,34,40,133,134,135,83,84,85,34,35,36,40,135,136,137,85,86,87,36,37,32,40,133,135,137,83,85,87,34,36,32,41,128,129,135,134,88,89,90,91,28,15,36,35,41,126,127,133,132,92,93,94,95,31,29,34,33,41,131,126,132,137,96,92,95,97,30,31,33,32,41,129,130,136,135,98,99,100,101,15,14,37,36,41,131,137,136,130,96,97,100,99,30,32,37,14,41,128,134,133,127,88,91,94,93,28,35,34,29,40,140,138,139,107,102,103,38,39,40,40,139,143,142,103,104,105,40,41,24,40,142,141,140,105,106,107,24,23,38,40,139,142,140,103,105,107,40,24,38,41,122,120,138,140,108,109,110,107,25,27,39,38,41,125,124,142,143,111,41,44,112,19,18,24,41,41,123,122,140,141,113,108,107,106,22,25,38,23,41,120,121,139,138,109,114,115,110,27,26,40,39,41,121,125,143,139,114,111,112,115,26,19,41,40,40,144,145,107,116,117,118,42,43,4,40,145,144,146,119,120,121,43,42,44,40,145,146,107,117,122,118,43,44,4,40,148,149,147,123,124,125,45,46,47,40,111,149,148,126,127,128,8,46,45,40,148,147,111,129,130,131,45,47,8,40,151,150,152,132,133,134,48,49,50,40,151,152,103,135,136,137,48,50,1,40,150,103,152,138,137,136,49,1,50,41,153,154,156,155,0,1,2,3,0,1,2,3,41,155,156,158,157,3,2,4,5,3,2,4,5,41,157,158,160,159,5,4,6,7,5,4,6,7,41,159,160,162,161,8,9,10,11,7,6,8,9,41,156,154,166,165,12,13,14,15,2,1,10,11,41,163,164,154,153,16,17,1,0,12,13,1,0,41,161,162,164,163,11,10,17,16,9,8,13,12,41,159,161,181,180,18,19,20,21,7,9,14,15,41,170,169,175,176,22,23,24,25,16,17,18,19,41,160,158,167,168,26,27,28,29,6,4,20,21,41,154,164,170,166,30,31,32,14,1,13,16,10,41,162,160,168,169,33,34,35,36,8,6,21,17,41,158,156,165,