{
    "metadata":{
        "uvs":1,
        "faces":66,
        "type":"Geometry",
        "normals":70,
        "vertices":70,
        "generator":"io_three",
        "version":3
    },
    "uvs":[[0.016089,0.065182,0.038909,0.065477,0.039554,0.112672,0.018235,0.114814,0.904711,0.116612,0.811661,0.116612,0.830271,0.010854,0.886101,0.010854,0.018878,0.01671,0.039815,0.020023,0.060242,0.066077,0.060526,0.111993,0.060375,0.020954,0.08109,0.066227,0.081315,0.111675,0.080986,0.021102,0.101808,0.066184,0.102025,0.111457,0.101627,0.021024,0.122492,0.066071,0.122701,0.111273,0.122285,0.020874,0.143174,0.065956,0.14336,0.111118,0.142959,0.020693,0.163883,0.065903,0.164003,0.111024,0.163664,0.020483,0.184694,0.066035,0.184615,0.111113,0.184445,0.020193,0.205871,0.066623,0.205168,0.11181,0.205406,0.019631,0.228584,0.067771,0.225521,0.114814,0.226763,0.017998,0.693813,0.662834,0.578996,0.642024,0.580723,0.622815,0.69741,0.622815,0.578996,0.603606,0.693813,0.582796,0.573871,0.585012,0.683136,0.54406,0.565513,0.567631,0.665722,0.507849,0.113178,0.838584,0.088652,0.869318,0.012524,0.874045,0.071403,0.773943,0.683136,0.70157,0.573871,0.660617,0.665722,0.612781,0.565513,0.552999,0.573871,0.535617,0.683136,0.57657,0.825055,0.542655,0.825055,0.500999,0.946854,0.500999,0.946854,0.542655,0.825055,0.625967,0.825055,0.584311,0.946854,0.584311,0.946854,0.625967,0.825055,0.750936,0.825055,0.70928,0.946854,0.70928,0.946854,0.750936,0.825055,0.667623,0.946854,0.667623,0.126529,0.746096,0.233878,0.808397,0.129806,0.869589,0.127734,0.866629,0.104676,0.905134,0.144634,0.909285,0.186409,0.973926,0.070783,0.973926,0.153136,0.842735,0.187029,0.773943,0.16916,0.878551,0.245288,0.873824,0.191457,0.131048,0.242152,0.160317,0.242152,0.218854,0.191457,0.248122,0.140763,0.218854,0.140763,0.160317,0.233878,0.931954,0.12646,0.994138,0.125256,0.87355,0.12876,0.873049,0.019032,0.932074,0.019061,0.808076,0.124249,0.867244,0.122999,0.870678,0.025675,0.390361,0.061322,0.378778,0.096968,0.390361,0.118999,0.420683,0.118999,0.458164,0.096968,0.488487,0.061322,0.500069,0.025675,0.488487,0.003645,0.458164,0.003645,0.420683,0.902382,0.118488,0.811187,0.118488,0.829426,0.014838,0.884143,0.014838,0.902402,0.122655,0.805903,0.122655,0.825202,0.012976,0.883102,0.012976,0.904355,0.11706,0.807856,0.11706,0.827156,0.007381,0.885055,0.007381,0.9035,0.115257,0.810069,0.115257,0.828755,0.009065,0.884814,0.009065,0.903183,0.123191,0.806684,0.123191,0.825984,0.013512,0.883883,0.013512,0.905411,0.123985,0.802299,0.123985,0.822921,0.006791,0.884788,0.006791,0.905545,0.119458,0.809128,0.119458,0.828411,0.009873,0.886261,0.009873,0.90357,0.119026,0.806942,0.119026,0.826268,0.009201,0.884245,0.009201,0.905162,0.121704,0.808662,0.121704,0.827962,0.012025,0.885862,0.012025]],
    "name":"TorusGeometry.1",
    "faces":[41,0,3,4,1,0,1,2,3,0,1,2,3,41,16,19,60,67,4,5,6,7,4,5,6,7,41,0,2,5,3,0,8,9,1,0,8,9,1,41,3,6,7,4,1,10,11,2,1,10,11,2,41,5,8,6,3,9,12,10,1,9,12,10,1,41,6,9,10,7,10,13,14,11,10,13,14,11,41,8,11,9,6,12,15,13,10,12,15,13,10,41,9,12,13,10,13,16,17,14,13,16,17,14,41,11,14,12,9,15,18,16,13,15,18,16,13,41,12,15,16,13,16,19,20,17,16,19,4,17,41,14,17,15,12,18,21,19,16,18,20,19,16,41,15,18,19,16,19,22,23,20,19,21,5,4,41,17,20,18,15,21,24,22,19,20,22,21,19,41,18,21,22,19,22,25,26,23,21,23,24,5,41,20,23,21,18,24,27,25,22,22,25,23,21,41,21,24,25,22,25,28,29,26,23,26,27,24,41,23,26,24,21,27,30,28,25,25,28,26,23,41,24,27,28,25,28,31,32,29,26,29,30,27,41,26,29,27,24,30,33,31,28,28,31,29,26,41,27,0,1,28,31,34,35,32,29,0,3,30,41,0,27,29,2,34,31,33,36,0,29,31,8,41,30,31,33,32,37,38,39,40,32,33,34,35,41,32,33,35,34,40,39,41,42,35,34,36,37,41,34,35,37,36,42,41,43,44,37,36,38,39,41,36,37,39,38,44,43,45,46,39,38,40,41,41,39,37,51,52,47,48,49,50,40,38,42,43,41,40,41,31,30,51,52,38,37,44,45,33,32,41,38,39,41,40,53,54,55,56,41,40,45,44,41,36,38,46,45,57,58,59,60,39,41,46,47,41,32,34,44,43,61,62,63,64,35,37,48,49,41,38,40,47,46,65,66,67,68,41,44,50,46,41,30,32,43,42,69,61,64,70,32,35,49,51,41,34,36,45,44,62,57,60,63,37,39,47,48,41,40,30,42,47,66,69,70,67,44,32,51,50,41,53,52,58,59,71,72,73,74,52,43,53,54,41,35,33,48,50,75,76,77,78,36,34,55,56,41,41,39,52,53,79,47,50,80,45,40,43,52,41,33,31,49,48,76,81,82,77,34,33,57,55,41,37,35,50,51,48,75,78,49,38,36,56,42,41,31,41,53,49,81,79,80,82,33,45,52,57,40,56,54,55,88,83,84,58,59,60,40,55,59,58,84,85,86,60,54,53,40,58,57,56,86,87,88,53,61,58,40,55,58,56,84,86,88,60,53,58,41,51,50,56,57,89,90,91,92,42,56,58,61,41,48,49,55,54,93,94,95,96,55,57,60,59,41,49,53,59,55,94,71,74,95,57,52,54,60,41,52,51,57,58,72,89,92,73,43,42,61,53,41,50,48,54,56,90,93,96,91,56,55,59,58,40,67,60,61,106,97,98,7,6,62,40,61,65,68,98,99,100,62,63,64,40,68,64,62,100,101,102,64,65,66,40,62,63,69,102,103,104,66,67,68,40,69,66,67,104,105,106,68,69,7,40,67,61,68,106,98,100,7,62,64,40,68,62,69,100,102,104,64,66,68,40,68,69,67,100,104,106,64,68,7,41,4,7,63,62,107,108,109,110,2,11,67,66,41,19,22,61,60,111,112,113,114,5,24,62,6,41,22,25,65,61,115,116,117,118,24,27,63,62,41,10,13,66,69,119,120,121,122,14,17,69,68,41,1,4,62,64,123,124,125,126,3,2,66,65,41,13,16,67,66,127,128,129,130,17,4,7,69,41,7,10,69,63,131,132,133,134,11,14,68,67,41,28,1,64,68,135,136,137,138,30,3,65,64,41,25,28,68,65,139,140,141,142,27,30,64,63],
    "normals":[1,0,0,0.809015,0.587756,0,0.445967,0.32667,0.833277,0.557512,0.002472,0.830134,-0.557512,0.002472,0.830134,-0.455672,-0.328715,0.827204,0.200018,0.141881,0.969451,0.252571,-0.003632,0.967559,0.978332,0,-0.206885,0.791498,0.57506,-0.206885,0.309,0.951048,0,0.169042,0.523087,0.835322,0.302316,0.930448,-0.206885,-0.309,0.951048,0,-0.169042,0.523087,0.835322,-0.302316,0.930448,-0.206885,-0.809015,0.587756,0,-0.445967,0.32667,0.833277,-0.791498,0.57506,-0.206885,-1,0,0,-0.978332,0,-0.206885,-0.809015,-0.587756,0,-0.791498,-0.57506,-0.206885,-0.309,-0.951048,0,-0.175054,-0.536576,0.825465,-0.302316,-0.930448,-0.206885,0.309,-0.951048,0,0.175054,-0.536576,0.825465,0.302316,-0.930448,-0.206885,0.809015,-0.587756,0,0.455672,-0.328715,0.827204,0.791498,-0.57506,-0.206885,-0.188574,0.982025,0,0.101108,0.994873,0,0.101108,0.497421,0.861568,-0.188574,0.491012,0.850459,0.101108,-0.497421,0.861568,-0.188574,-0.491012,0.850459,0.10419,-0.994537,-0.005188,-0.191351,-0.981506,-0.003876,0.107608,-0.497085,-0.860988,-0.173498,-0.492386,-0.85287,0.160039,-0.987091,0,0.160039,-0.493545,-0.854854,-0.191351,0.48735,-0.851955,0.10419,0.492752,-0.863887,0,-0.499985,-0.866024,0,-1,0,0,-0.499985,0.866024,0,0.499985,0.866024,0,0.499985,-0.866024,0,1,0,0.160039,0.493545,-0.854854,-0.68923,-0.362255,-0.62743,-0.68923,0.362255,-0.62743,0.160039,0.493545,0.854854,0.160039,-0.493545,0.854854,0.160039,0.987091,0,-0.68923,-0.362255,0.62743,-0.68923,0.362255,0.62743,-0.68923,0.724509,0,-0.68923,-0.724509,0,0.075381,0.228706,0.97055,-0.075381,0.228706,0.97055,-0.200018,0.141881,0.969451,-0.252571,-0.003632,0.967559,-0.208686,-0.155492,0.965514,-0.080721,-0.25251,0.964202,0.080721,-0.25251,0.964202,0.208686,-0.155492,0.965514],