{
    "metadata":{
        "type":"Geometry",
        "faces":147,
        "vertices":172,
        "uvs":1,
        "normals":119,
        "version":3,
        "generator":"io_three"
    },
    "uvs":[[0.121002,0.867038,0.120755,0.848736,0.142377,0.848715,0.143781,0.866957,0.188208,0.384784,0.198172,0.38469,0.199177,0.49141,0.189213,0.491504,0.096386,0.866923,0.100746,0.848509,0.121871,0.831616,0.142573,0.831606,0.208136,0.384596,0.209141,0.491316,0.101356,0.831614,0.122231,0.814643,0.142824,0.814627,0.2181,0.384502,0.219105,0.491222,0.101641,0.814659,0.122579,0.797673,0.143103,0.797671,0.228064,0.384408,0.229069,0.491129,0.101894,0.797683,0.123578,0.780612,0.143621,0.78077,0.238028,0.384315,0.239033,0.491035,0.102113,0.780593,0.125827,0.761199,0.147372,0.763098,0.247992,0.384221,0.248997,0.490941,0.101508,0.762499,0.119472,0.986879,0.121225,0.964562,0.14589,0.964484,0.147359,0.985271,0.128425,0.385347,0.138389,0.385253,0.139394,0.491973,0.12943,0.492067,0.094635,0.984797,0.098188,0.964474,0.121641,0.944955,0.14541,0.944846,0.148353,0.385159,0.149358,0.491879,0.098061,0.945053,0.121303,0.925454,0.14497,0.925338,0.158317,0.385065,0.159322,0.491785,0.097656,0.92557,0.120889,0.905961,0.144536,0.905846,0.16828,0.384971,0.169285,0.491691,0.097223,0.906077,0.120553,0.886467,0.144125,0.886363,0.178244,0.384878,0.179249,0.491598,0.096785,0.886569,0.82938,0.997324,0.833658,0.753543,0.995812,0.752483,0.99729,0.999433,0.749295,0.750789,0.751168,0.99826,0.845952,0.902232,0.830939,0.827537,0.873351,0.86564,0.876312,0.899583,0.134793,1.00183,0.049649,1.00183,0.049649,0.980331,0.134793,0.980331,0.166536,0.91254,0.25168,0.91254,0.25168,0.998548,0.166536,0.998548,0.834889,0.999074,0.752262,0.998616,0.750718,0.753388,0.835805,0.753846,0.395389,0.653572,0.480533,0.653572,0.480533,0.675074,0.395389,0.675075,0.219831,0.041315,0.191179,0.10616,0.138709,0.067475,0.1559,0.028568,0.998797,0.752271,0.996336,0.997626,0.747553,0.995399,0.749505,0.749577,0.387023,0.675134,0.301879,0.675134,0.301879,0.653632,0.387023,0.653632,0.999257,0.753388,0.99588,0.997385,0.753315,0.996805,0.750911,0.752467,0.996604,0.753249,0.994786,0.99703,0.748892,0.997783,0.750475,0.751361,0.245217,0.130037,0.273869,0.065192,0.426352,0.15063,0.413902,0.18745,0.749992,0.9947,0.749992,0.752995,0.998273,0.755285,0.997042,0.996101,0.460408,0.544591,0.460409,0.661921,0.339502,0.660691,0.339502,0.543361,0.998531,0.755456,0.99607,0.998391,0.750561,0.99593,0.74933,0.749304,0.995878,0.749739,0.998273,1.00013,0.144636,0.999313,0.059492,0.999313,0.059492,0.977811,0.144636,0.977811,0.771795,0.901857,0.788909,0.862643,0.855922,0.837446,0.81458,0.901857,0.750786,0.989877,0.750786,0.754127,0.943969,0.807706,0.943969,0.936297,0.762249,0.84328,0.762249,0.812135,0.809039,0.799158,0.809039,0.856258,0.844474,0.889398,0.865456,0.812489,0.896845,0.821166,0.889398,0.854579,0.835775,0.150485,0.835775,0.104563,0.87856,0.104563,0.87856,0.150485,0.567898,0.150485,0.567898,0.104563,0.999391,0.748058,0.998161,0.998225,0.749369,0.995764,0.748139,0.752979,0.755247,0.99704,0.755247,0.95829,0.997857,0.95829,0.997857,0.99704,0.456489,0.159962,0.445291,0.196127,0.750669,0.794679,0.750669,0.75486,0.999974,0.75486,0.999974,0.794679,0.656283,0.714073,0.599183,0.714073,0.599183,0.532391,0.656283,0.532391,0.845507,0.827041,0.828393,0.787828,0.871178,0.787828,0.91252,0.852238,0.37964,0.627209,0.294497,0.627209,0.294497,0.605707,0.37964,0.605707,0.163092,1.00066,0.077948,1.00066,0.077948,0.979161,0.163092,0.979161,0.476841,0.627269,0.391698,0.627269,0.391698,0.605767,0.476841,0.605767,0.250005,0.996698,0.003339,0.996697,0.003339,0.750761,0.250005,0.750762,0.133562,1.0006,0.048419,1.0006,0.048419,0.979101,0.133562,0.979101,0.166536,0.91254,0.25168,0.91254,0.25168,0.998548,0.166536,0.998548,0.39785,0.716322,0.482993,0.716322,0.482993,0.737824,0.39785,0.737824,0.385792,0.736654,0.300649,0.736654,0.300649,0.715152,0.385792,0.715152,0.144636,1.00177,0.059492,1.00177,0.059492,0.980271,0.144636,0.980271,0.391944,0.550925,0.306801,0.550925,0.306801,0.529423,0.391944,0.529423,0.12618,1.00066,0.041036,1.00066,0.041036,0.979161,0.12618,0.979161,0.389484,0.581744,0.30434,0.581744,0.30434,0.560242,0.389484,0.560242,0.004125,0.995801,0.001664,0.750428,0.250449,0.752888,0.247989,0.994571,0.136505,0.488675,0.13581,0.392902,0.231583,0.392207,0.232278,0.48798,0.905305,0.680312,0.905388,0.584536,0.960004,0.605654,0.959957,0.659288,0.846524,0.583223,0.846441,0.678998,0.791824,0.65788,0.791871,0.604246,0.137582,0.388862,0.233357,0.388862,0.233357,0.484638,0.137582,0.484638,0.233594,0.393826,0.233511,0.489601,0.137735,0.489518,0.137818,0.393742,0.171367,0.823758,0.140394,0.885704,0.140394,0.792784,0.171367,0.792784,0.233314,0.854731,0.233314,0.885704,0.20234,0.854731,0.20234,0.823758,0.198575,0.894275,0.124376,0.857174,0.235675,0.857175,0.235675,0.894275,0.161475,0.931374,0.198575,0.931374,0.124375,0.968474,0.161475,0.968474,0.011151,0.966512,0.122433,0.968455,0.140394,0.761811,0.016501,0.761811,0.155689,0.802577,0.155689,0.856211,0.102054,0.856211,0.102054,0.802576,0.820449,0.667966,0.916225,0.667966,0.895154,0.722601,0.84152,0.722601,0.901611,0.677461,0.900916,0.581688,0.955703,0.602361,0.956092,0.655994,0.102054,0.860835,0.102054,0.807201,0.155689,0.807201,0.155689,0.860835,0.843285,0.581152,0.84398,0.676925,0.789194,0.656252,0.788805,0.602619,0.919916,0.573421,0.82414,0.573421,0.845211,0.518786,0.898845,0.518787,0.135541,0.492244,0.135092,0.39647,0.230866,0.396021,0.231315,0.491795,0.84576,0.579908,0.846427,0.675681,0.791647,0.654992,0.791273,0.601359,0.899137,0.677474,0.898469,0.581701,0.953249,0.60239,0.953623,0.656023,0.236357,0.484407,0.140581,0.484407,0.140581,0.388632,0.236357,0.388632,0.138952,0.486201,0.138284,0.390428,0.234058,0.38976,0.234725,0.485533,0.154961,0.832536,0.154961,0.778902,0.208595,0.778902,0.208595,0.832536,0.918685,0.572191,0.82291,0.572191,0.84398,0.517556,0.897615,0.517556,0.18333,0.88429,0.182881,0.788516,0.237614,0.80933,0.237865,0.862964,0.151997,0.808728,0.151997,0.862363,0.098363,0.862363,0.098363,0.808728,0.087107,0.788964,0.087556,0.884739,0.032823,0.863925,0.032571,0.810291,0.819219,0.669197,0.914994,0.669197,0.893923,0.723831,0.840289,0.723831]],