{
  "normals": [0.347789,0.612079,-0.710166,0.647542,-0.360607,-0.671255,0,0,-1,0,0.202918,-0.979186,0.767724,0.271401,0.580401,0.389752,0.876003,0.283975,0.261849,0.845241,0.465804,0.417402,0.290017,0.861171,-0.063997,0.588244,-0.806116,0.262795,0.224219,0.938414,0.478072,0.367748,0.797601,0,1,0,0,0.895199,0.445601,0.72042,-0.28663,-0.631519,0.81164,-0.323283,0.486526,0,-0.85165,0.524064,0,-0.826472,-0.562944,0.423139,0.7875,0.448073,0.302591,0.832789,-0.463515,0,0.835871,-0.548875,0.746483,-0.092563,-0.658925,0.875484,-0.121464,0.467666,0,0.447188,0.894406,0.577349,0.577319,0.577349,0.577349,0.577349,-0.577319,0.459212,-0.076998,0.884976,-0.983123,-0.174444,-0.054781,0.005219,-0.100833,0.994873,0.186071,0,0.982513,0.111209,0,0.993774,0.550462,0.294992,0.780999,0,0.317911,0.948088,0,-0.062502,0.998016,0.42616,-0.08771,0.900357,0.717185,-0.124973,0.685537,0.78515,-0.075198,0.614704,0.45497,-0.146245,0.878384,0,0,1,0.707083,0,0.707083,0.999969,0,0,-0.57738,-0.577105,0.577502,0.57738,-0.577105,0.577532,-0.301492,-0.904294,0.302133,0.301492,-0.904294,0.302133,-0.577197,-0.577197,0.577593,0.577197,-0.577197,0.577593,-0.577349,-0.576922,0.577746,0.577349,-0.576922,0.577746,-0.301492,-0.904721,-0.300851,0.301492,-0.904721,-0.300851,-0.301492,-0.904324,0.302133,0.301492,-0.904324,0.302133,0.577349,-0.577746,-0.576922,-0.577349,-0.577746,-0.576922,-0.301492,-0.904721,-0.300882,0.301492,-0.904721,-0.300882,0.527543,-0.155248,0.8352,0,-0.258492,0.966002,0,-0.125034,0.992126,-0.347789,0.612079,-0.710166,-0.647542,-0.360607,-0.671255,-0.767724,0.271401,0.580401,-0.417402,0.290017,0.861171,-0.261849,0.845241,0.465804,-0.389752,0.876003,0.283975,0.063997,0.588244,-0.806116,-0.478072,0.367748,0.797601,-0.262795,0.224219,0.938414,-0.72042,-0.28663,-0.631519,-0.81164,-0.323283,0.486526,-0.423139,0.7875,0.448073,-0.302591,0.832789,-0.463515,-0.746483,-0.092563,-0.658925,-0.875484,-0.121464,0.467666,-0.577349,0.577349,-0.577319,-0.577349,0.577319,0.577349,-0.459212,-0.076998,0.884976,-0.005219,-0.100833,0.994873,0.983123,-0.174444,-0.054781,-0.111209,0,0.993774,-0.186071,0,0.982513,-0.550462,0.294992,0.780999,-0.42616,-0.08771,0.900357,-0.717185,-0.124973,0.685537,-0.45497,-0.146245,0.878384,-0.78515,-0.075198,0.614704,-0.999969,0,0,-0.707083,0,0.707083,-0.57738,-0.577105,0.577532,0.57738,-0.577105,0.577502,-0.527543,-0.155248,0.8352],
  "vertices": [1.24035,0.372761,-0.000333,1.24035,-1,-0.000333,0,-1,-0.000333,0,0.372761,-0.000333,0.960107,0.37276,0.565249,0.582431,1,0.409363,0.507604,1,0.512063,0.653542,0.37276,0.98601,3.11928,-0.94926,-0.942804,1.24035,0.37276,0.180615,3.11928,-0.94926,-0.761855,0,1,0.409363,0,1,0.512063,0.805783,-4.28412,-0.000334,0.805782,-4.28412,0.180615,0,-5.38371,0.180615,0,-5.38371,-0.000334,0.650832,1,0.315481,0.650832,1,0.271315,0,1,0.271315,0,1,0.315481,0,-2.15606,-0.000333,1.12575,-1.86608,-0.000333,1.12575,-1.54258,0.180615,3.11928,-0.94926,-0.761855,3.45742,-0.949261,-0.761854,3.45742,-0.94926,-0.942803,1.24035,-0.56063,0.180615,3.11928,-2.32202,-0.942804,3.11928,-1.88265,-0.761855,1.24035,-0.56063,0.180615,3.11928,-1.88265,-0.761855,1.24035,0.37276,0.180615,0,0.372761,0.98601,0,-1,0.98601,0.556329,-1,0.98601,0.845504,-1.63024,0.498033,0.960107,-0.770461,0.565249,0.53894,-1.72614,0.845265,0.650832,1,0.315481,3.45742,-1.88265,-0.761854,3.45742,-2.32202,-0.942803,3.11928,-2.3219,-0.761855,3.45742,-2.3219,-0.761854,3.18271,-2.32192,-0.7958,3.39399,-2.32192,-0.7958,3.11928,-2.32202,-0.942804,3.45742,-2.32202,-0.942803,3.18271,-3.67293,-0.794865,3.39399,-3.67293,-0.794865,3.18271,-2.322,-0.908858,3.39399,-2.322,-0.908857,3.24247,-3.67295,-0.826839,3.33424,-3.67295,-0.826839,3.39399,-3.673,-0.907922,3.18271,-3.673,-0.907922,3.24247,-3.94585,-0.826651,3.33424,-3.94585,-0.826651,3.24247,-3.67298,-0.875948,3.33424,-3.67298,-0.875948,3.24247,-3.94588,-0.87576,3.33424,-3.94588,-0.87576,0.525541,-4.03069,0.310371,0,-5.13028,0.310371,0,-1.70066,0.948491,-1.24035,0.372761,-0.000333,-1.24035,-1,-0.000333,-0.960107,0.37276,0.565249,-0.653542,0.37276,0.98601,-0.507604,1,0.512063,-0.582431,1,0.409363,-3.11928,-0.94926,-0.942804,-3.11928,-0.94926,-0.761855,-1.24035,0.37276,0.180615,-0.805783,-4.28412,-0.000334,-0.805782,-4.28412,0.180615,-0.650832,1,0.315481,-0.650832,1,0.271315,-1.12575,-1.86608,-0.000333,-1.12575,-1.54258,0.180615,-3.45742,-0.94926,-0.942803,-3.45742,-0.949261,-0.761854,-3.11928,-0.94926,-0.761855,-1.24035,-0.56063,0.180615,-3.11928,-1.88265,-0.761855,-3.11928,-2.32202,-0.942804,-3.11928,-1.88265,-0.761855,-1.24035,-0.56063,0.180615,-1.24035,0.37276,0.180615,-0.556329,-1,0.98601,-0.845504,-1.63024,0.498033,-0.53894,-1.72614,0.845265,-0.960107,-0.770461,0.565249,-0.650832,1,0.315481,-3.45742,-2.32202,-0.942803,-3.45742,-1.88265,-0.761854,-3.45742,-2.3219,-0.761854,-3.11928,-2.3219,-0.761855,-3.39399,-2.32192,-0.7958,-3.18271,-2.32192,-0.7958,-3.11928,-2.32202,-0.942804,-3.45742,-2.32202,-0.942803,-3.39399,-3.67293,-0.794865,-3.18271,-3.67293,-0.794865,-3.18271,-2.322,-0.908858,-3.39399,-2.322,-0.908857,-3.33424,-3.67295,-0.826839,-3.24247,-3.67295,-0.826839,-3.18271,-3.673,-0.907922,-3.39399,-3.673,-0.907922,-3.33424,-3.94585,-0.826651,-3.24247,-3.94585,-0.826651,-3.24247,-3.67298,-0.875948,-3.33424,-3.67298,-0.875948,-3.33424,-3.94588,-0.87576,-3.24247,-3.94588,-0.87576,-0.525541,-4.03069,0.310371],
  "name": "Cube_Cube_BaseGeometry",
  "influencesPerVertex": 2,
  "skinIndices": [],
  "metadata": {
      "materials": 1,
      "version": 3,
      "normals": 91,
      "uvs": 0,
      "vertices": 117,
      "morphTargets": 0,
      "generator": "io_three",
      "bones": 0,
      "faces": 110
  },
  "uvs": [],
  "skinWeights": [],
  "morphTargets": [],