{
    "uvs":[[0.99608,0.498186,0.874503,0.255033,0.752926,0.255033,0.752926,0.498186,0.751041,0.500126,0.874717,0.500129,0.874932,0.624616,0.750636,0.625007,0.870802,0.03846,0.946966,0.192685,0.79714,0.1918,0.872643,0.497284,0.872171,0.624681,0.750276,0.624681,0.752241,0.500051,0.751446,0.497376,0.752461,0.253837,0.934178,0.314738,0.999799,0.496322,0.8125,0.435456,0.750332,0.251404,0.99891,0.252905,0.995718,0.496003,0.93103,0.109967,0.931513,0.233005,0.811244,0.233982,0.810308,0.109781,0.938506,0.122149,0.937421,0.244151,0.816436,0.244121,0.816485,0.120196,0.816551,0.24525,0.815574,0.120412,0.935658,0.120465,0.936563,0.243392,0.77976,0.37705,0.751908,0.374465,0.750979,0.253062,0.777891,0.252971,0.778383,0.362133,0.753668,0.362371,0.752356,0.252938,0.77815,0.253471,0.81661,0.160627,0.93863,0.160627,0.937905,0.245124,0.815382,0.245124,0.779659,0.499597,0.752349,0.500024,0.776982,0.496836,0.752173,0.497443,0.930332,0.253506,0.81767,0.253506,0.845836,1.5e-05,0.902167,1.5e-05,0.688369,0.125985,0.715679,0.125558,0.68733,0.250079,0.659162,0.128739,0.68397,0.12816,0.659439,0.249066,0.682928,0.248024,0.626597,0.248024,0.654763,0.128299,0.872548,0.182692,0.932117,0.244597,0.812979,0.244597,0.809239,0.109923,0.92999,0.109923,0.930099,0.233181,0.810096,0.232761,0.751308,0.257371,0.995126,0.25633,0.996407,0.498259,0.751373,0.498259,0.996531,0.251929,0.995957,0.496621,0.752241,0.498172,0.754194,0.251929,0.258058,0.873227,-0.001412,0.873227,-0.001412,0.832821,0.258058,0.83282,-0.001412,0.792414,0.258058,0.792414,-0.001412,0.752007,0.258058,0.752007,0.258058,0.994448,-0.001412,0.994448,-0.001412,0.954041,0.258058,0.954041,0.161149,0.238666,0.132071,0.188302,0.161149,0.137938,0.219305,0.137938,0.248383,0.188302,0.219305,0.238666,0.258058,0.913634,-0.001412,0.913634,0.499807,0.247024,0.501666,0.13115,0.59229,0.129121,0.592092,0.245936,0.585891,0.245936,0.59229,0.136097,0.65446,0.13559,0.665286,0.245289,0.716249,0.131185,0.744193,0.239663,0.433106,0.106882,0.408902,0.120856,0.408902,0.064959,0.433106,0.078933,0.993774,0.495784,0.754022,0.495784,0.873898,0.256032,0.993774,0.256032,0.750305,0.250196,0.723393,0.250287,0.750305,0.125196,0.748853,0.248588,0.723059,0.248055,0.748853,0.123588,0.656219,0.24633,0.592578,0.246059,0.625064,0.128466]],
    "faces":[41,44,43,1,2,0,1,2,3,0,1,2,3,41,8,4,5,11,4,5,6,7,4,5,6,7,40,7,11,5,8,9,10,8,7,6,41,6,7,3,10,11,12,13,14,9,8,10,11,41,4,3,7,5,15,16,17,18,5,10,8,6,41,7,6,8,11,19,20,21,22,8,9,4,7,41,46,13,12,45,23,24,25,26,12,13,14,15,41,3,4,9,10,27,28,29,30,10,5,16,11,41,8,6,10,9,31,32,33,34,4,9,11,16,41,14,11,16,17,35,36,37,38,17,7,18,19,41,5,14,17,15,39,40,41,42,6,17,19,20,41,11,5,15,16,43,44,45,46,7,6,20,18,41,11,14,20,19,36,35,47,48,7,17,21,22,41,14,5,18,20,40,39,49,50,17,6,23,21,41,5,11,19,18,51,52,53,54,6,7,22,23,40,19,20,21,55,56,57,22,21,24,40,20,18,21,58,59,60,21,23,24,40,18,19,21,61,62,63,23,22,24,40,9,4,8,64,65,66,16,5,4,41,13,2,1,12,67,68,69,70,13,3,2,14,41,43,45,12,1,71,72,73,74,1,15,14,2,41,2,13,46,44,75,76,77,78,3,13,12,0,41,22,23,25,24,79,80,81,82,25,26,27,28,41,24,25,27,26,82,81,83,84,28,27,29,30,41,26,27,29,28,84,83,85,86,30,29,31,32,41,28,29,31,30,87,88,89,90,32,31,33,34,40,27,25,23,96,91,92,29,27,26,40,23,33,31,92,93,94,26,35,33,40,31,29,27,94,95,96,33,31,29,40,23,31,27,92,94,96,26,33,29,41,32,33,23,22,97,98,80,79,36,35,26,25,41,30,31,33,32,90,89,98,97,34,33,35,36,41,36,37,39,38,99,100,101,102,37,38,39,40,41,38,39,41,40,103,104,105,106,40,39,41,42,41,40,41,34,35,106,105,107,108,42,41,43,44,41,39,37,34,41,109,110,111,112,39,38,43,41,41,44,46,45,43,113,114,115,116,0,12,15,1,41,50,52,53,51,99,102,101,100,45,46,47,48,41,52,54,55,53,103,106,105,104,46,49,50,47,41,54,49,48,55,106,108,107,105,49,51,52,50,41,53,55,48,51,109,112,111,110,47,50,52,48,40,17,16,56,117,118,119,19,18,53,40,15,17,56,120,121,122,20,19,53,40,16,15,56,123,124,125,18,20,53],
    "metadata":{
        "type":"Geometry",
        "uvs":1,
        "version":3,
        "generator":"io_three",
        "vertices":57,
        "faces":44,
        "normals":54
    },
    "vertices":[0.707107,-1.29105,-0.625,0.353553,-0.583947,-0.5,0.707107,-0.230394,0.5625,0.355487,-0.232327,-0.625,0.885817,0.298002,0.5,0.355487,1.88899,1,-0.35162,-0.232326,-0.625,0.001933,0.828333,-0.124999,-0.88195,0.298003,0.5,0.001933,-0.585881,0.25,0.001933,-0.58588,-1,-0.35162,1.88899,1,0.001933,0.47478,-0.249999,0.001933,1.18189,0.976144,0.001933,2.24255,1,0.17871,1.71222,1.5,-0.174843,1.71222,1.5,0.001933,1.88899,1.75,0.17871,1.35866,-0.499999,-0.174843,1.35866,-0.499999,0.001933,1.53544,-0.499999,0.001933,0.828334,-1.5,-0.184951,-0.450469,-0.674705,-0.184951,-1.23047,-0.674705,-0.091351,-0.450469,-0.512585,-0.091351,-1.23047,-0.512585,0.095849,-0.450469,-0.512585,0.095849,-1.23047,-0.512585,0.189449,-0.450469,-0.674705,0.189449,-1.23047,-0.674705,0.095849,-0.450469,-0.836825,0.095849,-1.23047,-0.836825,-0.091351,-0.450469,-0.836825,-0.091351,-1.23047,-0.836825,0.00122,-1.10177,-0.313626,-0.003875,-0.482771,-0.492537,-0.003875,-0.482771,0.465336,0.00122,-1.10177,0.286425,0.410896,-0.482771,0.225867,0.261049,-1.10177,0.136412,0.410896,-0.482771,-0.253069,0.261049,-1.10177,-0.163613,0.353553,-1.64461,-0.625,-0,-0.9375,-0.5,0,-0.9375,0.1875,-0.35162,-0.58588,-0.5,-0.705173,-0.232327,0.5625,-2.29616,-1.11621,-0.5,0.001217,-1.10177,-0.313626,0.00258,-0.482771,-0.492537,0.00258,-0.482771,0.465336,0.001217,-1.10177,0.286425,-0.412191,-0.482771,0.225867,-0.258612,-1.10177,0.136412,-0.412191,-0.482771,-0.253069,-0.258612,-1.10177,-0.163613,0.010854,1.31753,1.96679],
    "name":"CubeGeometry",
    "normals":[0,-0.922208,0.38667,-0.000275,-0.783074,-0.621876,0.69982,-0.159124,-0.696341,0.867031,-0.146764,0.476089,-0.924253,-0.109012,0.365856,0.924253,-0.109012,0.365856,0.98001,0.087497,0.178594,-0.98001,0.087497,0.178594,0,0.610431,-0.792047,-0.732871,-0.111759,-0.671102,0.732871,-0.111759,-0.671102,0,-0.552965,-0.833186,-0.866848,-0.146367,0.476547,0.000519,0.866665,0.498856,0.000336,0.706626,-0.707541,-0.700247,-0.158849,-0.695975,0,-0.892483,0.451033,0,0.999634,0.026063,-0.906949,-0.420331,-0.027009,-0.003265,0.652028,0.758141,0.908505,-0.416211,-0.036225,0,0.873348,-0.487075,-0.93997,-0.341014,-0.010895,0.93997,-0.341014,-0.010895,0,-0.505844,-0.862606,-1,0,0,-0.792383,-0.609973,0,-0.396191,-0.609973,0.686239,-0.499985,0,0.866024,0.396191,-0.609973,0.686239,0.499985,0,0.866024,0.792383,-0.609973,0,1,0,0,0.396191,-0.609973,-0.686239,0.499985,0,-0.866024,-0.396191,-0.609973,-0.686239,-0.499985,0,-0.866024,0.485488,-0.239051,0.840907,0.376415,-0.658193,0.651967,0.609455,-0.71099,0.350688,0.832972,-0.27131,0.482162,0.609455,-0.71099,-0.350688,0.832972,-0.27131,-0.482162,0.376415,-0.658193,-0.651967,0.485488,-0.239051,-0.840907,-0.485153,-0.241798,0.840297,-0.83224,-0.275948,0.480819,-0.607562,-0.712729,0.350475,-0.375408,-0.660451,0.650258,-0.83224,-0.275948,-0.480819,-0.607562,-0.712729,-0.350475,-0.485153,-0.241798,-0.840297,-0.375408,-0.660451,-0.650227,0.014222,-0.766686,0.641835]
}