{
    "metadata":{
        "generator":"io_three",
        "faces":45,
        "vertices":59,
        "normals":56,
        "type":"Geometry",
        "version":3,
        "uvs":1
    },
    "faces":[41,44,43,1,2,0,1,2,3,0,1,2,3,41,8,4,5,11,4,5,6,7,4,5,6,7,40,7,11,5,8,9,10,8,7,6,41,6,7,3,10,11,12,13,14,9,8,10,11,41,4,3,7,5,15,16,17,18,5,10,8,6,41,7,6,8,11,19,20,21,22,8,9,4,7,41,46,13,12,45,23,24,25,26,12,13,14,15,41,3,4,9,10,27,28,29,30,10,5,16,11,41,8,6,10,9,31,32,33,34,4,9,11,16,41,14,11,16,17,35,36,37,38,17,7,18,19,41,17,16,57,58,39,40,37,38,19,18,20,21,41,5,14,17,15,41,42,43,44,6,17,19,22,41,11,5,15,16,45,46,47,48,7,6,22,18,41,11,14,20,19,36,35,49,50,7,17,23,24,41,14,5,18,20,42,41,51,52,17,6,25,23,41,5,11,19,18,53,54,55,56,6,7,24,25,40,19,20,21,50,49,57,24,23,26,40,20,18,21,52,51,58,23,25,26,40,18,19,21,59,60,61,25,24,26,40,9,4,8,62,63,64,16,5,4,41,13,2,1,12,65,66,67,68,13,3,2,14,41,43,45,12,1,69,70,71,72,1,15,14,2,41,2,13,46,44,73,74,75,76,3,13,12,0,41,22,23,25,24,77,78,79,80,27,28,29,30,41,24,25,27,26,80,79,81,82,30,29,31,32,41,26,27,29,28,82,81,83,84,32,31,33,34,41,28,29,31,30,85,86,87,88,34,33,35,36,40,27,25,23,94,89,90,31,29,28,40,23,33,31,90,91,92,28,37,35,40,31,29,27,92,93,94,35,33,31,40,23,31,27,90,92,94,28,35,31,41,32,33,23,22,95,96,78,77,38,37,28,27,41,30,31,33,32,88,87,96,95,36,35,37,38,41,36,37,39,38,97,98,99,100,39,40,41,42,41,38,39,41,40,101,102,103,104,42,41,43,44,41,40,41,34,35,104,103,105,106,44,43,45,46,41,39,37,34,41,107,108,109,110,41,40,45,43,41,44,46,45,43,111,112,113,114,0,12,15,1,41,50,52,53,51,97,100,99,98,47,48,49,50,41,52,54,55,53,101,104,103,102,48,51,52,49,41,54,49,48,55,104,106,105,103,51,53,54,52,41,53,55,48,51,107,110,109,108,49,52,54,50,40,58,57,56,115,116,117,21,20,55,41,15,17,58,56,118,119,43,44,22,19,21,55,41,16,15,56,57,120,121,47,48,18,22,55,20],
    "vertices":[0.707107,-1.29105,-0.625,0.353553,-0.583947,-0.5,0.707107,-0.230394,0.5625,0.355487,-0.232327,-0.625,0.885817,0.298002,0.5,0.355487,1.88899,1,-0.35162,-0.232326,-0.625,0.001933,0.828333,-0.124999,-0.88195,0.298003,0.5,0.001933,-0.585881,0.25,0.001933,-0.58588,-1,-0.35162,1.88899,1,0.001933,0.47478,-0.249999,0.001933,1.18189,0.976144,0.001933,2.24255,1,0.17871,1.71222,1.5,-0.174843,1.71222,1.5,0.001933,1.88899,1.75,0.17871,1.35866,-0.499999,-0.174843,1.35866,-0.499999,0.001933,1.53544,-0.499999,0.001933,0.828334,-1.5,-0.184951,-0.450469,-0.674705,-0.184951,-1.23047,-0.674705,-0.091351,-0.450469,-0.512585,-0.091351,-1.23047,-0.512585,0.095849,-0.450469,-0.512585,0.095849,-1.23047,-0.512585,0.189449,-0.450469,-0.674705,0.189449,-1.23047,-0.674705,0.095849,-0.450469,-0.836825,0.095849,-1.23047,-0.836825,-0.091351,-0.450469,-0.836825,-0.091351,-1.23047,-0.836825,0.00122,-1.10177,-0.313626,-0.003875,-0.482771,-0.492537,-0.003875,-0.482771,0.465336,0.00122,-1.10177,0.286425,0.410896,-0.482771,0.225867,0.261049,-1.10177,0.136412,0.410896,-0.482771,-0.253069,0.261049,-1.10177,-0.163613,0.353553,-1.64461,-0.625,-0,-0.9375,-0.5,0,-0.9375,0.5,-0.35162,-0.58588,-0.5,-0.705173,-0.232327,0.5625,-2.29616,-1.11621,-0.5,0.001217,-1.10177,-0.313626,0.00258,-0.482771,-0.492537,0.00258,-0.482771,0.465336,0.001217,-1.10177,0.286425,-0.412191,-0.482771,0.225867,-0.258612,-1.10177,0.136412,-0.412191,-0.482771,-0.253069,-0.258612,-1.10177,-0.163613,0.270189,1.23108,1.84454,-0.248481,1.23108,1.84454,0.010854,1.49042,2.21129],
    "uvs":[[0.99608,0.498186,0.874503,0.255033,0.752926,0.255033,0.752926,0.498186,0.751041,0.500126,0.874717,0.500129,0.874932,0.624616,0.750636,0.625007,0.752632,0.501062,0.872528,0.624396,0.749703,0.625687,0.872643,0.497284,0.872171,0.624681,0.750276,0.624681,0.752241,0.500051,0.751446,0.497376,0.752461,0.253837,0.934178,0.314738,0.999799,0.496322,0.8125,0.435456,0.750332,0.251404,0.99891,0.252905,0.995718,0.496003,0.93103,0.109967,0.931513,0.233005,0.811244,0.233982,0.810308,0.109781,0.938506,0.122149,0.937421,0.244151,0.816436,0.244121,0.816485,0.120196,0.816551,0.24525,0.815574,0.120412,0.935658,0.120465,0.936563,0.243392,0.77976,0.37705,0.751908,0.374465,0.750979,0.253062,0.777891,0.252971,0.777891,0.377971,0.750979,0.378062,0.778383,0.362133,0.753668,0.362371,0.752356,0.252938,0.77815,0.253471,0.81661,0.160627,0.93863,0.160627,0.937905,0.245124,0.815382,0.245124,0.779659,0.499597,0.752349,0.500024,0.776982,0.496836,0.752173,0.497443,0.930332,0.253506,0.81767,0.253506,0.845836,1.5e-05,0.902167,1.5e-05,0.751311,0.624118,0.75245,0.623709,0.906073,0.184586,0.849742,0.184586,0.877907,0.004238,0.872548,0.182692,0.932117,0.244597,0.812979,0.244597,0.809239,0.109923,0.92999,0.109923,0.930099,0.233181,0.810096,0.232761,0.751308,0.257371,0.995126,0.25633,0.996407,0.498259,0.751373,0.498259,0.996531,0.251929,0.995957,0.496621,0.752241,0.498172,0.754194,0.251929,0.258058,0.873227,-0.001412,0.873227,-0.001412,0.832821,0.258058,0.83282,-0.001412,0.792414,0.258058,0.792414,-0.001412,0.752007,0.258058,0.752007,0.258058,0.994448,-0.001412,0.994448,-0.001412,0.954041,0.258058,0.954041,0.161149,0.238666,0.132071,0.188302,0.161149,0.137938,0.219305,0.137938,0.248383,0.188302,0.219305,0.238666,0.258058,0.913634,-0.001412,0.913634,0.499807,0.247024,0.501666,0.13115,0.59229,0.129121,0.592092,0.245936,0.585891,0.245936,0.59229,0.136097,0.65446,0.13559,0.665286,0.245289,0.716249,0.131185,0.744193,0.239663,0.433106,0.106882,0.408902,0.120856,0.408902,0.064959,0.433106,0.078933,0.993774,0.495784,0.754022,0.495784,0.873898,0.256032,0.993774,0.256032,0.408169,0.119787,0.381197,0.078815,0.43514,0.078815,0.77815,0.378471,0.752356,0.377938,0.815382,0.120124,0.937905,0.120124]],
    "normals":[9.2e-05,-0.866451,0.499222,-0.000275,-0.783074,-0.621876,0.69982,-0.159124,-0.696341,0.885403,-0.115452,0.450179,-0.924253,-0.109012,0.365856,0.924253,-0.109012,0.365856,0.98001,0.087497,0.178594,-0.98001,0.087497,0.178594,0,0.610431,-0.792047,-0.732871,-0.111759,-0.671102,0.732871,-0.111759,-0.671102,0,-0.552965,-0.833186,-0.885342,-0.115238,0.450392,0.000153,0.887539,0.460646,0.000336,0.706626,-0.707541,-0.700247,-0.158849,-0.695975,0,-0.892483,0.451033,0,0.999634,0.026063,-0.942625,-0.264046,-0.20423,-0.00531,0.804254,0.594226,-0.756035,-0.653737,-0.031129,0.005951,0.129612,0.991516,0.94171,-0.256661,-0.217353,0,0.873348,-0.487075,-0.93997,-0.341014,-0.010895,0.93997,-0.341014,-0.010895,0,-0.505844,-0.862606,-1,0,0,-0.792383,-0.609973,0,-0.396191,-0.609973,0.686239,-0.499985,0,0.866024,0.396191,-0.609973,0.686239,0.499985,0,0.866024,0.792383,-0.609973,0,1,0,0,0.396191,-0.609973,-0.686239,0.499985,0,-0.866024,-0.396191,-0.609973,-0.686239,-0.499985,0,-0.866024,0.485488,-0.239051,0.840907,0.376415,-0.658193,0.651967,0.609455,-0.71099,0.350688,0.832972,-0.27131,0.482162,0.609455,-0.71099,-0.350688,0.832972,-0.27131,-0.482162,0.376415,-0.658193,-0.651967,0.485488,-0.239051,-0.840907,-0.485153,-0.241798,0.840297,-0.83224,-0.275948,0.480819,-0.607562,-0.712729,0.350475,-0.375408,-0.660451,0.650258,-0.83224,-0.275948,-0.480819,-0.607562,-0.712729,-0.350475,-0.485153,-0.241798,-0.840297,-0.375408,-0.660451,-0.650227,0.763848,-0.644429,-0.034852],
    "name":"CubeGeometry"
}